timestamp,end_timestamp,activity_type,activity_summary,member,location,tag
2026-01-01 08:15:00,2026-01-01 08:59:00,repair,Air filter replacement,"B,C,D",internal,
2026-01-01 09:04:00,2026-01-01 09:34:00,comm,Family conference,"A,C,D",internal,
2026-01-01 09:53:00,2026-01-01 10:44:00,research,Crew health survey,B,internal,
2026-01-01 10:57:00,2026-01-01 11:33:00,research,Crew health survey,"A,B",internal,
2026-01-01 11:40:00,2026-01-01 12:55:00,exercise,Resistance exercise device session,D,internal,
2026-01-01 13:08:00,2026-01-01 16:23:00,EVA,Thermal shield check,C,external,
2026-01-01 16:40:00,2026-01-01 17:46:00,research,Fluid physics experiment,A,internal,
2026-01-01 17:57:00,2026-01-01 18:27:00,comm,Morning DPC,B,internal,
2026-01-02 08:15:00,2026-01-02 08:55:00,research,Radiation monitoring check,"C,D",internal,
2026-01-02 09:14:00,2026-01-02 09:58:00,sampling,Surface microbial sampling,B,internal,
2026-01-02 10:13:00,2026-01-02 11:34:00,research,Fluid physics experiment,"A,C",internal,
2026-01-02 11:49:00,2026-01-02 12:19:00,comm,Family conference,D,internal,
2026-01-02 12:34:00,2026-01-02 13:49:00,exercise,Cycle ergometer session,C,internal,
2026-01-02 14:08:00,2026-01-02 14:38:00,comm,Family conference,"B,C,D",internal,
2026-01-02 14:50:00,2026-01-02 15:43:00,sampling,Surface microbial sampling,D,internal,
2026-01-03 08:15:00,2026-01-03 09:18:00,personal,Personal time,A,internal,
2026-01-03 09:31:00,2026-01-03 10:01:00,comm,Family conference,"A,B",internal,
2026-01-03 10:14:00,2026-01-03 10:44:00,comm,Ground science conference,"A,C",internal,
2026-01-03 10:54:00,2026-01-03 11:56:00,logistics,Trash consolidation,"A,B,C",internal,
2026-01-03 12:06:00,2026-01-03 12:45:00,research,Radiation monitoring check,A,internal,
2026-01-03 13:01:00,2026-01-03 14:16:00,exercise,Treadmill session,"A,D",internal,
2026-01-04 08:15:00,2026-01-04 08:45:00,comm,Family conference,"B,D",internal,
2026-01-04 08:54:00,2026-01-04 09:37:00,repair,Cable rerouting,"C,D",internal,
2026-01-04 09:48:00,2026-01-04 10:18:00,comm,Evening DPC,"A,C,D",internal,
2026-01-04 10:37:00,2026-01-04 11:11:00,research,Radiation monitoring check,B,internal,
2026-01-04 11:26:00,2026-01-04 12:10:00,research,Fluid physics experiment,A,internal,
2026-01-04 12:15:00,2026-01-04 12:49:00,personal,Personal time,C,internal,
2026-01-04 12:55:00,2026-01-04 14:10:00,exercise,Resistance exercise device session,"A,D",internal,
2026-01-05 08:15:00,2026-01-05 09:28:00,repair,Cable rerouting,D,internal,
2026-01-05 09:36:00,2026-01-05 10:51:00,exercise,Cycle ergometer session,B,internal,
2026-01-05 10:59:00,2026-01-05 12:03:00,research,Fluid physics experiment,D,internal,
2026-01-05 12:22:00,2026-01-05 13:09:00,research,Combustion experiment setup,A,internal,
2026-01-05 13:28:00,2026-01-05 14:49:00,logistics,Cargo stowage,A,internal,
2026-01-05 14:57:00,2026-01-05 15:27:00,comm,Family conference,D,internal,
2026-01-05 15:39:00,2026-01-05 16:09:00,comm,Morning DPC,D,internal,
2026-01-05 16:29:00,2026-01-05 17:09:00,logistics,Inventory audit,D,internal,
2026-01-05 17:26:00,2026-01-05 18:41:00,exercise,Resistance exercise device session,"C,D",internal,
2026-01-06 08:15:00,2026-01-06 09:17:00,research,Fluid physics experiment,A,internal,
2026-01-06 09:27:00,2026-01-06 09:57:00,comm,Family conference,"A,C,D",internal,
2026-01-06 10:04:00,2026-01-06 10:41:00,research,Combustion experiment setup,"A,C,D",internal,
2026-01-06 10:53:00,2026-01-06 12:05:00,research,Crew health survey,"B,C",internal,
2026-01-06 12:20:00,2026-01-06 13:05:00,repair,Cable rerouting,"B,C",internal,
2026-01-06 13:18:00,2026-01-06 13:48:00,comm,Family conference,"A,D",internal,
2026-01-06 14:07:00,2026-01-06 15:16:00,sampling,Acoustic level measurement,B,internal,
2026-01-06 15:24:00,2026-01-06 16:39:00,exercise,Treadmill session,"A,D",internal,
2026-01-07 08:15:00,2026-01-07 09:32:00,personal,Earth observation,C,internal,
2026-01-07 09:41:00,2026-01-07 10:11:00,comm,Ground science conference,"B,C",internal,
2026-01-07 10:22:00,2026-01-07 11:24:00,repair,Hatch seal inspection,"A,D",internal,
2026-01-07 11:44:00,2026-01-07 12:14:00,comm,Ground science conference,A,internal,
2026-01-07 12:27:00,2026-01-07 13:42:00,exercise,Treadmill session,"B,C",internal,
2026-01-07 13:51:00,2026-01-07 15:06:00,exercise,Resistance exercise device session,"A,C,D",internal,
2026-01-07 15:24:00,2026-01-07 16:51:00,personal,Earth observation,A,internal,
2026-01-07 17:00:00,2026-01-07 18:07:00,personal,Meal prep,D,internal,
2026-01-08 08:15:00,2026-01-08 08:45:00,comm,Evening DPC,B,internal,
2026-01-08 08:54:00,2026-01-08 09:24:00,comm,Ground science conference,B,internal,
2026-01-08 09:42:00,2026-01-08 11:02:00,sampling,Water quality sampling,C,internal,
2026-01-08 11:20:00,2026-01-08 12:35:00,exercise,Cycle ergometer session,"A,B",internal,
2026-01-08 12:43:00,2026-01-08 13:58:00,exercise,Cycle ergometer session,"B,C",internal,
2026-01-08 14:09:00,2026-01-08 14:53:00,research,Crew health survey,D,internal,
2026-01-09 08:15:00,2026-01-09 08:47:00,personal,Earth observation,D,internal,
2026-01-09 08:55:00,2026-01-09 09:25:00,comm,Evening DPC,"A,B",internal,
2026-01-09 09:40:00,2026-01-09 10:26:00,sampling,Water quality sampling,"A,C",internal,
2026-01-09 10:32:00,2026-01-09 11:47:00,exercise,Treadmill session,"A,C",internal,
2026-01-09 12:03:00,2026-01-09 12:33:00,comm,Ground science conference,C,internal,
2026-01-09 12:48:00,2026-01-09 14:00:00,logistics,Inventory audit,"C,D",internal,
2026-01-09 14:18:00,2026-01-09 15:33:00,exercise,Resistance exercise device session,D,internal,
2026-01-09 15:42:00,2026-01-09 17:12:00,personal,Earth observation,B,internal,
2026-01-10 08:15:00,2026-01-10 09:30:00,exercise,Resistance exercise device session,"A,C,D",internal,
2026-01-10 09:41:00,2026-01-10 10:16:00,personal,Personal time,C,internal,
2026-01-10 10:30:00,2026-01-10 11:00:00,comm,Evening DPC,"A,B",internal,
2026-01-10 11:12:00,2026-01-10 11:43:00,sampling,Surface microbial sampling,D,internal,
2026-01-10 11:49:00,2026-01-10 12:19:00,comm,Family conference,"B,C",internal,
2026-01-10 12:38:00,2026-01-10 13:39:00,logistics,Cargo stowage,B,internal,
2026-01-10 13:56:00,2026-01-10 15:23:00,research,Radiation monitoring check,"A,B",internal,
2026-01-11 08:15:00,2026-01-11 09:30:00,exercise,Treadmill session,D,internal,
2026-01-11 09:49:00,2026-01-11 10:35:00,research,Fluid physics experiment,"C,D",internal,
2026-01-11 10:47:00,2026-01-11 11:17:00,comm,Ground science conference,"A,C",internal,
2026-01-11 11:30:00,2026-01-11 12:00:00,comm,Morning DPC,"B,C",internal,
2026-01-11 12:12:00,2026-01-11 12:50:00,logistics,Trash consolidation,D,internal,
2026-01-12 08:15:00,2026-01-12 09:15:00,personal,Earth observation,C,internal,
2026-01-12 09:20:00,2026-01-12 09:50:00,comm,Evening DPC,"B,D",internal,
2026-01-12 10:07:00,2026-01-12 10:37:00,comm,Family conference,"A,D",internal,
2026-01-12 10:50:00,2026-01-12 12:05:00,exercise,Cycle ergometer session,"B,D",internal,
2026-01-12 12:20:00,2026-01-12 13:29:00,logistics,Supply transfer,"A,D",internal,
2026-01-12 13:34:00,2026-01-12 14:12:00,repair,Cable rerouting,A,internal,
2026-01-12 14:31:00,2026-01-12 15:25:00,logistics,Inventory audit,D,internal,
2026-01-12 15:40:00,2026-01-12 16:31:00,sampling,Surface microbial sampling,"B,D",internal,
2026-01-13 08:15:00,2026-01-13 08:45:00,comm,Evening DPC,B,internal,
2026-01-13 08:56:00,2026-01-13 09:26:00,comm,Evening DPC,"A,C",internal,
2026-01-13 09:35:00,2026-01-13 10:34:00,sampling,Surface microbial sampling,"B,C",internal,
2026-01-13 10:47:00,2026-01-13 12:06:00,research,Plant growth experiment,"A,C",internal,
2026-01-13 12:16:00,2026-01-13 13:31:00,exercise,Cycle ergometer session,"A,B,D",internal,
2026-01-14 08:15:00,2026-01-14 09:27:00,repair,Exercise device maintenance,C,internal,
2026-01-14 09:43:00,2026-01-14 10:13:00,comm,Ground science conference,"A,B",internal,
2026-01-14 10:31:00,2026-01-14 11:01:00,comm,Evening DPC,D,internal,
2026-01-14 11:20:00,2026-01-14 12:36:00,personal,Rest period,D,internal,
2026-01-14 12:49:00,2026-01-14 13:46:00,sampling,Acoustic level measurement,"A,B",internal,
2026-01-14 13:59:00,2026-01-14 15:14:00,exercise,Resistance exercise device session,D,internal,
2026-01-15 08:15:00,2026-01-15 08:45:00,comm,Ground science conference,"C,D",internal,
2026-01-15 08:58:00,2026-01-15 10:03:00,sampling,Air quality sampling,"A,B,C",internal,
2026-01-15 10:08:00,2026-01-15 11:23:00,exercise,Resistance exercise device session,"B,C,D",internal,
2026-01-15 11:43:00,2026-01-15 12:58:00,logistics,Inventory audit,"A,D",internal,
2026-01-15 13:18:00,2026-01-15 13:48:00,comm,Ground science conference,"B,D",internal,
2026-01-16 08:15:00,2026-01-16 09:32:00,logistics,Supply transfer,B,internal,
2026-01-16 09:42:00,2026-01-16 10:29:00,sampling,Acoustic level measurement,B,internal,
2026-01-16 10:43:00,2026-01-16 11:27:00,personal,Earth observation,B,internal,
2026-01-16 11:43:00,2026-01-16 12:13:00,sampling,Acoustic level measurement,"A,D",internal,
2026-01-16 12:22:00,2026-01-16 13:37:00,exercise,Resistance exercise device session,"A,D",internal,
2026-01-16 13:46:00,2026-01-16 14:16:00,comm,Ground science conference,"B,D",internal,
2026-01-16 14:30:00,2026-01-16 15:00:00,comm,Family conference,C,internal,
2026-01-16 15:10:00,2026-01-16 15:47:00,sampling,Surface microbial sampling,"A,D",internal,
2026-01-17 08:15:00,2026-01-17 09:30:00,exercise,Treadmill session,"C,D",internal,
2026-01-17 09:49:00,2026-01-17 10:19:00,comm,Evening DPC,"A,C,D",internal,
2026-01-17 10:33:00,2026-01-17 11:03:00,comm,Evening DPC,"A,D",internal,
2026-01-17 11:14:00,2026-01-17 12:29:00,exercise,Treadmill session,"A,C,D",internal,
2026-01-17 12:39:00,2026-01-17 13:37:00,research,Crew health survey,"A,D",internal,
2026-01-17 13:57:00,2026-01-17 15:12:00,personal,Personal time,D,internal,
2026-01-17 15:26:00,2026-01-17 16:39:00,repair,Exercise device maintenance,"B,D",internal,
2026-01-17 16:51:00,2026-01-17 17:55:00,repair,Air filter replacement,C,internal,
2026-01-18 08:15:00,2026-01-18 09:30:00,exercise,Treadmill session,A,internal,
2026-01-18 09:49:00,2026-01-18 11:06:00,personal,Personal time,C,internal,
2026-01-18 11:21:00,2026-01-18 11:56:00,logistics,Cargo stowage,"A,B,C",internal,
2026-01-18 12:08:00,2026-01-18 13:26:00,sampling,Water quality sampling,"B,D",internal,
2026-01-18 13:36:00,2026-01-18 14:06:00,comm,Ground science conference,"A,B",internal,
2026-01-18 14:24:00,2026-01-18 15:20:00,personal,Personal time,C,internal,
2026-01-18 15:35:00,2026-01-18 16:05:00,comm,Family conference,"C,D",internal,
2026-01-18 16:15:00,2026-01-18 17:30:00,exercise,Cycle ergometer session,"A,B",internal,
2026-01-19 08:15:00,2026-01-19 09:33:00,logistics,Trash consolidation,C,internal,
2026-01-19 09:39:00,2026-01-19 11:08:00,logistics,Cargo stowage,"A,D",internal,
2026-01-19 11:22:00,2026-01-19 12:32:00,personal,Earth observation,B,internal,
2026-01-19 12:44:00,2026-01-19 13:49:00,personal,Personal time,D,internal,
2026-01-19 13:54:00,2026-01-19 14:24:00,comm,Morning DPC,D,internal,
2026-01-19 14:36:00,2026-01-19 15:47:00,repair,Cable rerouting,"C,D",internal,
2026-01-19 15:56:00,2026-01-19 16:26:00,comm,Family conference,"A,D",internal,
2026-01-19 16:44:00,2026-01-19 17:59:00,exercise,Resistance exercise device session,"B,C",internal,
2026-01-20 08:15:00,2026-01-20 09:31:00,sampling,Air quality sampling,"A,B,D",internal,
2026-01-20 09:45:00,2026-01-20 10:15:00,comm,Ground science conference,"B,D",internal,
2026-01-20 10:31:00,2026-01-20 11:46:00,exercise,Cycle ergometer session,D,internal,
2026-01-20 11:57:00,2026-01-20 13:21:00,logistics,Supply transfer,C,internal,
2026-01-20 13:39:00,2026-01-20 14:09:00,comm,Morning DPC,"B,D",internal,
2026-01-21 08:15:00,2026-01-21 08:49:00,repair,Hatch seal inspection,"C,D",internal,
2026-01-21 09:09:00,2026-01-21 10:20:00,repair,Hatch seal inspection,"B,D",internal,
2026-01-21 10:27:00,2026-01-21 10:57:00,comm,Evening DPC,"A,B,D",internal,
2026-01-21 11:03:00,2026-01-21 11:33:00,comm,Morning DPC,"A,C",internal,
2026-01-21 11:40:00,2026-01-21 12:55:00,exercise,Cycle ergometer session,C,internal,
2026-01-21 13:14:00,2026-01-21 13:46:00,logistics,Inventory audit,C,internal,
2026-01-21 14:01:00,2026-01-21 15:16:00,exercise,Resistance exercise device session,"A,B",internal,
2026-01-21 15:32:00,2026-01-21 16:28:00,personal,Meal prep,B,internal,
2026-01-22 08:15:00,2026-01-22 09:42:00,logistics,Supply transfer,"A,B",internal,
2026-01-22 10:01:00,2026-01-22 11:16:00,exercise,Resistance exercise device session,"B,C,D",internal,
2026-01-22 11:32:00,2026-01-22 12:18:00,research,Combustion experiment setup,"B,D",internal,
2026-01-22 12:37:00,2026-01-22 13:13:00,personal,Earth observation,D,internal,
2026-01-22 13:25:00,2026-01-22 13:55:00,comm,Family conference,"A,C",internal,
2026-01-22 14:09:00,2026-01-22 14:39:00,comm,Family conference,A,internal,
2026-01-22 14:52:00,2026-01-22 16:07:00,exercise,Cycle ergometer session,C,internal,
2026-01-23 08:15:00,2026-01-23 08:45:00,comm,Family conference,"C,D",internal,
2026-01-23 08:52:00,2026-01-23 09:33:00,repair,Water recovery system repair,C,internal,
2026-01-23 09:44:00,2026-01-23 10:46:00,sampling,Air quality sampling,C,internal,
2026-01-23 10:59:00,2026-01-23 11:29:00,comm,Morning DPC,"A,B",internal,
2026-01-23 11:43:00,2026-01-23 12:58:00,exercise,Resistance exercise device session,D,internal,
2026-01-23 13:07:00,2026-01-23 14:00:00,repair,Water recovery system repair,"A,B",internal,
2026-01-24 08:15:00,2026-01-24 09:30:00,exercise,Treadmill session,"C,D",internal,
2026-01-24 09:37:00,2026-01-24 10:14:00,logistics,Inventory audit,A,internal,
2026-01-24 10:23:00,2026-01-24 11:24:00,sampling,Water quality sampling,B,internal,
2026-01-24 11:32:00,2026-01-24 12:02:00,comm,Family conference,"C,D",internal,
2026-01-24 12:19:00,2026-01-24 13:26:00,personal,Personal time,D,internal,
2026-01-24 13:35:00,2026-01-24 14:50:00,exercise,Resistance exercise device session,"A,B,D",internal,
2026-01-24 15:10:00,2026-01-24 16:03:00,repair,Cable rerouting,"A,D",internal,
2026-01-24 16:14:00,2026-01-24 16:44:00,comm,Family conference,"A,C",internal,
2026-01-25 08:15:00,2026-01-25 09:22:00,repair,Air filter replacement,C,internal,
2026-01-25 09:33:00,2026-01-25 10:53:00,repair,Water recovery system repair,"A,B",internal,
2026-01-25 10:58:00,2026-01-25 11:28:00,comm,Morning DPC,A,internal,
2026-01-25 11:41:00,2026-01-25 12:56:00,exercise,Cycle ergometer session,C,internal,
2026-01-25 13:05:00,2026-01-25 14:12:00,personal,Meal prep,A,internal,
2026-01-25 14:27:00,2026-01-25 15:13:00,repair,Water recovery system repair,D,internal,
2026-01-25 15:19:00,2026-01-25 16:34:00,exercise,Treadmill session,D,internal,
2026-01-25 16:42:00,2026-01-25 17:12:00,comm,Morning DPC,"A,B,D",internal,
2026-01-25 17:28:00,2026-01-25 18:44:00,research,Combustion experiment setup,"A,D",internal,
2026-01-26 08:15:00,2026-01-26 08:45:00,comm,Ground science conference,C,internal,
2026-01-26 08:52:00,2026-01-26 09:46:00,logistics,Cargo stowage,"A,D",internal,
2026-01-26 10:00:00,2026-01-26 10:30:00,comm,Family conference,"A,D",internal,
2026-01-26 10:41:00,2026-01-26 11:32:00,logistics,Cargo stowage,"C,D",internal,
2026-01-26 11:51:00,2026-01-26 13:06:00,exercise,Treadmill session,"C,D",internal,
2026-01-27 08:15:00,2026-01-27 09:22:00,repair,Cable rerouting,D,internal,
2026-01-27 09:37:00,2026-01-27 10:52:00,exercise,Resistance exercise device session,C,internal,
2026-01-27 11:10:00,2026-01-27 11:59:00,repair,Air filter replacement,B,internal,
2026-01-27 12:15:00,2026-01-27 13:27:00,logistics,Inventory audit,A,internal,
2026-01-27 13:47:00,2026-01-27 14:17:00,comm,Evening DPC,C,internal,
2026-01-27 14:33:00,2026-01-27 15:54:00,repair,Exercise device maintenance,"A,B,C",internal,
2026-01-27 16:12:00,2026-01-27 16:53:00,repair,Exercise device maintenance,"B,C",internal,
2026-01-27 17:06:00,2026-01-27 17:36:00,comm,Morning DPC,D,internal,
2026-01-28 08:15:00,2026-01-28 09:30:00,exercise,Treadmill session,"C,D",internal,
2026-01-28 09:40:00,2026-01-28 10:10:00,comm,Evening DPC,B,internal,
2026-01-28 10:17:00,2026-01-28 11:35:00,personal,Earth observation,A,internal,
2026-01-28 11:41:00,2026-01-28 12:39:00,repair,Cable rerouting,"B,D",internal,
2026-01-28 12:57:00,2026-01-28 13:27:00,comm,Morning DPC,"A,B,C",internal,
2026-01-28 13:38:00,2026-01-28 14:53:00,exercise,Cycle ergometer session,"B,C,D",internal,
2026-01-29 08:15:00,2026-01-29 09:30:00,exercise,Treadmill session,A,internal,
2026-01-29 09:45:00,2026-01-29 11:02:00,research,Combustion experiment setup,B,internal,
2026-01-29 11:20:00,2026-01-29 11:50:00,comm,Morning DPC,"A,B,C",internal,
2026-01-29 12:02:00,2026-01-29 12:59:00,repair,Water recovery system repair,"A,B",internal,
2026-01-29 13:04:00,2026-01-29 14:19:00,exercise,Treadmill session,"B,C,D",internal,
2026-01-29 14:37:00,2026-01-29 15:07:00,comm,Evening DPC,"A,B",internal,
2026-01-30 08:15:00,2026-01-30 09:32:00,repair,Air filter replacement,C,internal,
2026-01-30 09:47:00,2026-01-30 10:17:00,comm,Ground science conference,"A,C,D",internal,
2026-01-30 10:24:00,2026-01-30 10:54:00,comm,Morning DPC,B,internal,
2026-01-30 11:10:00,2026-01-30 12:25:00,exercise,Resistance exercise device session,"A,B",internal,
2026-01-30 12:34:00,2026-01-30 13:13:00,research,Combustion experiment setup,D,internal,
2026-01-30 13:20:00,2026-01-30 14:38:00,logistics,Trash consolidation,"B,C,D",internal,
2026-01-30 14:57:00,2026-01-30 15:55:00,repair,Cable rerouting,"C,D",internal,
2026-01-31 08:15:00,2026-01-31 09:26:00,logistics,Supply transfer,"A,B,D",internal,
2026-01-31 09:33:00,2026-01-31 11:01:00,repair,Air filter replacement,"C,D",internal,
2026-01-31 11:12:00,2026-01-31 11:42:00,comm,Morning DPC,"A,B",internal,
2026-01-31 11:48:00,2026-01-31 12:18:00,comm,Family conference,B,internal,
2026-01-31 12:28:00,2026-01-31 13:26:00,sampling,Air quality sampling,"B,C",internal,
2026-01-31 13:36:00,2026-01-31 14:51:00,exercise,Resistance exercise device session,"A,C",internal,
2026-01-31 15:09:00,2026-01-31 16:00:00,personal,Personal time,C,internal,
2026-02-01 08:15:00,2026-02-01 09:30:00,exercise,Resistance exercise device session,"A,B,C",internal,
2026-02-01 09:39:00,2026-02-01 10:59:00,personal,Personal time,B,internal,
2026-02-01 11:14:00,2026-02-01 12:25:00,repair,Cable rerouting,"A,B,C",internal,
2026-02-01 12:43:00,2026-02-01 13:13:00,comm,Family conference,C,internal,
2026-02-01 13:23:00,2026-02-01 13:53:00,comm,Evening DPC,B,internal,
2026-02-01 14:04:00,2026-02-01 14:38:00,sampling,Acoustic level measurement,A,internal,
2026-02-01 14:52:00,2026-02-01 16:18:00,research,Fluid physics experiment,"A,C,D",internal,
2026-02-02 08:15:00,2026-02-02 09:30:00,exercise,Treadmill session,B,internal,
2026-02-02 09:49:00,2026-02-02 11:10:00,repair,Water recovery system repair,C,internal,
2026-02-02 11:30:00,2026-02-02 12:28:00,logistics,Supply transfer,"C,D",internal,
2026-02-02 12:47:00,2026-02-02 13:27:00,logistics,Supply transfer,"A,B,D",internal,
2026-02-02 13:38:00,2026-02-02 14:08:00,comm,Ground science conference,"A,C,D",internal,
2026-02-02 14:24:00,2026-02-02 14:54:00,comm,Family conference,C,internal,
2026-02-03 08:15:00,2026-02-03 08:50:00,logistics,Inventory audit,A,internal,
2026-02-03 09:06:00,2026-02-03 09:36:00,comm,Morning DPC,"A,B",internal,
2026-02-03 09:44:00,2026-02-03 10:32:00,repair,Hatch seal inspection,D,internal,
2026-02-03 10:52:00,2026-02-03 11:22:00,comm,Ground science conference,A,internal,
2026-02-03 11:27:00,2026-02-03 12:10:00,research,Fluid physics experiment,"A,B,D",internal,
2026-02-03 12:19:00,2026-02-03 13:08:00,repair,Hatch seal inspection,B,internal,
2026-02-03 13:16:00,2026-02-03 14:31:00,exercise,Treadmill session,A,internal,
2026-02-03 14:50:00,2026-02-03 15:58:00,sampling,Acoustic level measurement,"A,B,C",internal,
2026-02-04 08:15:00,2026-02-04 08:45:00,comm,Family conference,"A,C",internal,
2026-02-04 09:02:00,2026-02-04 09:55:00,personal,Earth observation,A,internal,
2026-02-04 10:08:00,2026-02-04 11:28:00,logistics,Cargo stowage,"B,C",internal,
2026-02-04 11:35:00,2026-02-04 12:05:00,comm,Ground science conference,A,internal,
2026-02-04 12:20:00,2026-02-04 13:35:00,exercise,Resistance exercise device session,D,internal,
2026-02-04 13:50:00,2026-02-04 14:50:00,research,Combustion experiment setup,A,internal,
2026-02-05 08:15:00,2026-02-05 08:45:00,comm,Ground science conference,"A,C",internal,
2026-02-05 08:56:00,2026-02-05 10:11:00,exercise,Treadmill session,C,internal,
2026-02-05 10:24:00,2026-02-05 11:39:00,exercise,Cycle ergometer session,"B,D",internal,
2026-02-05 11:56:00,2026-02-05 12:57:00,sampling,Air quality sampling,"A,C",internal,
2026-02-05 13:17:00,2026-02-05 13:52:00,sampling,Acoustic level measurement,"B,C,D",internal,
2026-02-05 14:10:00,2026-02-05 14:40:00,comm,Ground science conference,C,internal,
2026-02-05 14:48:00,2026-02-05 15:37:00,repair,Cable rerouting,"A,B,D",internal,
2026-02-06 08:15:00,2026-02-06 08:45:00,comm,Morning DPC,D,internal,
2026-02-06 08:50:00,2026-02-06 09:28:00,repair,Cable rerouting,C,internal,
2026-02-06 09:35:00,2026-02-06 10:29:00,logistics,Inventory audit,"B,C,D",internal,
2026-02-06 10:35:00,2026-02-06 11:05:00,comm,Evening DPC,"A,C",internal,
2026-02-06 11:21:00,2026-02-06 12:24:00,personal,Earth observation,D,internal,
2026-02-06 12:40:00,2026-02-06 13:51:00,sampling,Surface microbial sampling,A,internal,
2026-02-06 14:04:00,2026-02-06 15:19:00,exercise,Cycle ergometer session,"C,D",internal,
2026-02-07 08:15:00,2026-02-07 08:50:00,personal,Personal time,C,internal,
2026-02-07 09:05:00,2026-02-07 10:10:00,research,Fluid physics experiment,"B,C",internal,
2026-02-07 10:24:00,2026-02-07 11:44:00,logistics,Trash consolidation,"A,B,C",internal,
2026-02-07 12:00:00,2026-02-07 12:45:00,research,Radiation monitoring check,C,internal,
2026-02-07 13:05:00,2026-02-07 13:35:00,comm,Morning DPC,"B,C",internal,
2026-02-07 13:51:00,2026-02-07 15:06:00,exercise,Resistance exercise device session,"C,D",internal,
2026-02-07 15:13:00,2026-02-07 16:13:00,sampling,Acoustic level measurement,"A,D",internal,
2026-02-07 16:31:00,2026-02-07 17:01:00,comm,Ground science conference,"C,D",internal,
2026-02-07 17:08:00,2026-02-07 18:23:00,exercise,Resistance exercise device session,"A,B,D",internal,
2026-02-08 08:15:00,2026-02-08 09:44:00,research,Crew health survey,"A,C",internal,
2026-02-08 09:56:00,2026-02-08 10:38:00,personal,Earth observation,B,internal,
2026-02-08 10:51:00,2026-02-08 12:06:00,exercise,Cycle ergometer session,"A,B,C",internal,
2026-02-08 12:13:00,2026-02-08 12:43:00,comm,Morning DPC,"A,C,D",internal,
2026-02-08 12:58:00,2026-02-08 13:28:00,comm,Morning DPC,D,internal,
2026-02-09 08:15:00,2026-02-09 09:11:00,logistics,Trash consolidation,"B,D",internal,
2026-02-09 09:31:00,2026-02-09 10:01:00,comm,Evening DPC,"B,C",internal,
2026-02-09 10:16:00,2026-02-09 11:34:00,research,Combustion experiment setup,"A,B,D",internal,
2026-02-09 11:50:00,2026-02-09 12:27:00,logistics,Cargo stowage,"A,B",internal,
2026-02-09 12:40:00,2026-02-09 13:55:00,exercise,Treadmill session,"C,D",internal,
2026-02-09 14:01:00,2026-02-09 14:46:00,sampling,Water quality sampling,"A,C",internal,
2026-02-09 14:56:00,2026-02-09 15:26:00,comm,Family conference,"B,C,D",internal,
2026-02-10 08:15:00,2026-02-10 09:30:00,exercise,Resistance exercise device session,"B,D",internal,
2026-02-10 09:38:00,2026-02-10 10:31:00,repair,Exercise device maintenance,"A,B",internal,
2026-02-10 10:48:00,2026-02-10 11:54:00,research,Combustion experiment setup,"A,C",internal,
2026-02-10 12:05:00,2026-02-10 12:35:00,comm,Evening DPC,"A,C,D",internal,
2026-02-10 12:54:00,2026-02-10 13:30:00,personal,Earth observation,C,internal,
2026-02-10 13:47:00,2026-02-10 14:52:00,sampling,Air quality sampling,B,internal,
2026-02-10 15:08:00,2026-02-10 15:38:00,comm,Evening DPC,A,internal,
2026-02-10 15:44:00,2026-02-10 16:59:00,research,Radiation monitoring check,"A,D",internal,
2026-02-10 17:14:00,2026-02-10 18:29:00,exercise,Treadmill session,"A,C",internal,
2026-02-11 08:15:00,2026-02-11 09:08:00,personal,Rest period,A,internal,
2026-02-11 09:23:00,2026-02-11 10:38:00,exercise,Treadmill session,D,internal,
2026-02-11 10:52:00,2026-02-11 11:22:00,comm,Evening DPC,D,internal,
2026-02-11 11:34:00,2026-02-11 12:04:00,comm,Morning DPC,B,internal,
2026-02-11 12:21:00,2026-02-11 13:27:00,personal,Personal time,B,internal,
2026-02-11 13:35:00,2026-02-11 14:33:00,personal,Meal prep,D,internal,
2026-02-11 14:48:00,2026-02-11 15:44:00,sampling,Surface microbial sampling,"C,D",internal,
2026-02-12 08:15:00,2026-02-12 09:30:00,exercise,Treadmill session,"A,C,D",internal,
2026-02-12 09:43:00,2026-02-12 10:48:00,sampling,Acoustic level measurement,C,internal,
2026-02-12 11:02:00,2026-02-12 12:17:00,logistics,Inventory audit,"B,C",internal,
2026-02-12 12:28:00,2026-02-12 12:58:00,comm,Family conference,"A,C",internal,
2026-02-12 13:11:00,2026-02-12 14:38:00,personal,Meal prep,C,internal,
2026-02-12 14:55:00,2026-02-12 15:43:00,logistics,Supply transfer,"A,B",internal,
2026-02-12 15:49:00,2026-02-12 16:19:00,comm,Ground science conference,"A,B",internal,
2026-02-13 08:15:00,2026-02-13 09:25:00,personal,Personal time,A,internal,
2026-02-13 09:37:00,2026-02-13 10:33:00,repair,Air filter replacement,"A,C",internal,
2026-02-13 10:48:00,2026-02-13 11:18:00,comm,Family conference,"B,C,D",internal,
2026-02-13 11:23:00,2026-02-13 12:38:00,exercise,Resistance exercise device session,"B,C",internal,
2026-02-13 12:49:00,2026-02-13 13:22:00,personal,Personal time,B,internal,
2026-02-13 13:29:00,2026-02-13 13:59:00,comm,Family conference,"A,B",internal,
2026-02-14 08:15:00,2026-02-14 09:41:00,sampling,Surface microbial sampling,"A,B,D",internal,
2026-02-14 09:50:00,2026-02-14 10:41:00,repair,Air filter replacement,"C,D",internal,
2026-02-14 10:51:00,2026-02-14 11:21:00,comm,Evening DPC,"C,D",internal,
2026-02-14 11:26:00,2026-02-14 12:07:00,personal,Earth observation,D,internal,
2026-02-14 12:24:00,2026-02-14 12:54:00,comm,Evening DPC,"A,D",internal,
2026-02-14 13:01:00,2026-02-14 14:16:00,exercise,Treadmill session,"A,B",internal,
2026-02-14 14:36:00,2026-02-14 15:30:00,repair,Cable rerouting,"B,C",internal,
2026-02-15 08:15:00,2026-02-15 09:30:00,exercise,Cycle ergometer session,"C,D",internal,
2026-02-15 09:38:00,2026-02-15 10:22:00,research,Radiation monitoring check,"B,D",internal,
2026-02-15 10:31:00,2026-02-15 11:24:00,repair,Air filter replacement,"A,C,D",internal,
2026-02-15 11:42:00,2026-02-15 12:55:00,repair,Exercise device maintenance,"B,C,D",internal,
2026-02-15 13:02:00,2026-02-15 13:32:00,comm,Evening DPC,B,internal,
2026-02-15 13:40:00,2026-02-15 14:10:00,comm,Evening DPC,"A,D",internal,
2026-02-15 14:20:00,2026-02-15 15:35:00,sampling,Surface microbial sampling,D,internal,
2026-02-16 08:15:00,2026-02-16 08:47:00,logistics,Cargo stowage,"A,C",internal,
2026-02-16 09:05:00,2026-02-16 10:34:00,repair,Hatch seal inspection,"A,B",internal,
2026-02-16 10:41:00,2026-02-16 11:22:00,personal,Earth observation,D,internal,
2026-02-16 11:31:00,2026-02-16 12:01:00,comm,Morning DPC,"B,D",internal,
2026-02-16 12:18:00,2026-02-16 13:31:00,sampling,Air quality sampling,"A,D",internal,
2026-02-16 13:40:00,2026-02-16 14:10:00,comm,Morning DPC,A,internal,
2026-02-16 14:19:00,2026-02-16 15:08:00,personal,Rest period,D,internal,
2026-02-16 15:27:00,2026-02-16 16:42:00,exercise,Treadmill session,D,internal,
2026-02-17 08:15:00,2026-02-17 08:45:00,comm,Evening DPC,"A,B,D",internal,
2026-02-17 08:53:00,2026-02-17 09:23:00,comm,Evening DPC,"A,D",internal,
2026-02-17 09:29:00,2026-02-17 10:47:00,logistics,Trash consolidation,C,internal,
2026-02-17 10:53:00,2026-02-17 12:08:00,exercise,Cycle ergometer session,"A,B,C",internal,
2026-02-17 12:23:00,2026-02-17 13:38:00,exercise,Cycle ergometer session,"B,C",internal,
2026-02-17 13:50:00,2026-02-17 14:55:00,repair,Cable rerouting,"A,D",internal,
2026-02-18 08:15:00,2026-02-18 09:04:00,research,Combustion experiment setup,"A,C",internal,
2026-02-18 09:13:00,2026-02-18 09:43:00,comm,Ground science conference,"A,B,D",internal,
2026-02-18 10:01:00,2026-02-18 11:16:00,exercise,Treadmill session,"A,B",internal,
2026-02-18 11:27:00,2026-02-18 12:02:00,sampling,Air quality sampling,C,internal,
2026-02-18 12:13:00,2026-02-18 13:26:00,logistics,Trash consolidation,B,internal,
2026-02-18 13:32:00,2026-02-18 14:02:00,comm,Ground science conference,C,internal,
2026-02-18 14:22:00,2026-02-18 15:50:00,logistics,Cargo stowage,B,internal,
2026-02-19 08:15:00,2026-02-19 09:30:00,exercise,Treadmill session,"B,C,D",internal,
2026-02-19 09:49:00,2026-02-19 10:51:00,personal,Personal time,D,internal,
2026-02-19 11:11:00,2026-02-19 12:32:00,logistics,Inventory audit,"B,D",internal,
2026-02-19 12:52:00,2026-02-19 13:22:00,comm,Evening DPC,B,internal,
2026-02-19 13:40:00,2026-02-19 14:11:00,research,Fluid physics experiment,"A,B,D",internal,
2026-02-19 14:24:00,2026-02-19 14:54:00,comm,Evening DPC,D,internal,
2026-02-20 08:15:00,2026-02-20 08:56:00,logistics,Cargo stowage,"A,C,D",internal,
2026-02-20 09:02:00,2026-02-20 09:58:00,sampling,Water quality sampling,A,internal,
2026-02-20 10:07:00,2026-02-20 11:22:00,exercise,Treadmill session,D,internal,
2026-02-20 11:27:00,2026-02-20 12:00:00,logistics,Supply transfer,"A,D",internal,
2026-02-20 12:20:00,2026-02-20 12:50:00,comm,Ground science conference,C,internal,
2026-02-20 12:55:00,2026-02-20 13:26:00,logistics,Cargo stowage,A,internal,
2026-02-20 13:44:00,2026-02-20 14:14:00,comm,Ground science conference,B,internal,
2026-02-21 08:15:00,2026-02-21 08:50:00,logistics,Supply transfer,"C,D",internal,
2026-02-21 09:07:00,2026-02-21 09:40:00,personal,Personal time,B,internal,
2026-02-21 09:45:00,2026-02-21 10:46:00,sampling,Surface microbial sampling,"A,C",internal,
2026-02-21 11:04:00,2026-02-21 12:19:00,exercise,Treadmill session,D,internal,
2026-02-21 12:31:00,2026-02-21 13:01:00,comm,Morning DPC,C,internal,
2026-02-21 13:07:00,2026-02-21 13:37:00,comm,Evening DPC,"A,D",internal,
2026-02-21 13:47:00,2026-02-21 15:05:00,logistics,Trash consolidation,C,internal,
2026-02-21 15:22:00,2026-02-21 16:28:00,repair,Hatch seal inspection,"B,C,D",internal,
2026-02-22 08:15:00,2026-02-22 08:45:00,comm,Morning DPC,"B,D",internal,
2026-02-22 08:52:00,2026-02-22 10:02:00,personal,Rest period,D,internal,
2026-02-22 10:15:00,2026-02-22 10:45:00,comm,Evening DPC,"B,D",internal,
2026-02-22 10:57:00,2026-02-22 12:10:00,sampling,Water quality sampling,C,internal,
2026-02-22 12:27:00,2026-02-22 13:42:00,exercise,Cycle ergometer session,C,internal,
2026-02-23 08:15:00,2026-02-23 09:08:00,logistics,Cargo stowage,B,internal,
2026-02-23 09:21:00,2026-02-23 09:51:00,comm,Family conference,"C,D",internal,
2026-02-23 10:01:00,2026-02-23 10:31:00,comm,Ground science conference,A,internal,
2026-02-23 10:39:00,2026-02-23 11:44:00,sampling,Acoustic level measurement,"A,B,C",internal,
2026-02-23 11:51:00,2026-02-23 12:47:00,sampling,Water quality sampling,B,internal,
2026-02-23 13:04:00,2026-02-23 14:19:00,exercise,Treadmill session,B,internal,
2026-02-24 08:15:00,2026-02-24 09:30:00,exercise,Resistance exercise device session,"A,C",internal,
2026-02-24 09:37:00,2026-02-24 10:47:00,logistics,Trash consolidation,"A,B,D",internal,
2026-02-24 11:07:00,2026-02-24 11:37:00,comm,Ground science conference,D,internal,
2026-02-24 11:51:00,2026-02-24 13:14:00,research,Combustion experiment setup,"B,D",internal,
2026-02-24 13:31:00,2026-02-24 14:01:00,comm,Evening DPC,"C,D",internal,
2026-02-25 08:15:00,2026-02-25 08:45:00,comm,Evening DPC,"A,B,C",internal,
2026-02-25 08:55:00,2026-02-25 09:53:00,sampling,Air quality sampling,D,internal,
2026-02-25 10:07:00,2026-02-25 11:22:00,exercise,Resistance exercise device session,"B,D",internal,
2026-02-25 11:31:00,2026-02-25 12:10:00,research,Radiation monitoring check,"A,B",internal,
2026-02-25 12:28:00,2026-02-25 13:28:00,personal,Personal time,D,internal,
2026-02-25 13:45:00,2026-02-25 14:15:00,comm,Ground science conference,"A,C,D",internal,
2026-02-25 14:31:00,2026-02-25 15:11:00,sampling,Surface microbial sampling,"B,C,D",internal,
2026-02-25 15:17:00,2026-02-25 15:47:00,logistics,Trash consolidation,"B,C",internal,
2026-02-26 08:15:00,2026-02-26 08:45:00,comm,Family conference,"B,C",internal,
2026-02-26 08:54:00,2026-02-26 10:14:00,repair,Exercise device maintenance,"B,C,D",internal,
2026-02-26 10:25:00,2026-02-26 11:23:00,logistics,Cargo stowage,"A,B",internal,
2026-02-26 11:42:00,2026-02-26 13:03:00,sampling,Surface microbial sampling,C,internal,
2026-02-26 13:11:00,2026-02-26 13:41:00,comm,Evening DPC,B,internal,
2026-02-26 13:51:00,2026-02-26 15:06:00,exercise,Treadmill session,"A,B,D",internal,
2026-02-27 08:15:00,2026-02-27 08:45:00,comm,Evening DPC,"B,C,D",internal,
2026-02-27 08:53:00,2026-02-27 09:52:00,personal,Rest period,C,internal,
2026-02-27 10:00:00,2026-02-27 11:03:00,logistics,Cargo stowage,"B,C,D",internal,
2026-02-27 11:18:00,2026-02-27 12:10:00,repair,Cable rerouting,"B,C",internal,
2026-02-27 12:26:00,2026-02-27 12:56:00,comm,Morning DPC,C,internal,
2026-02-27 13:03:00,2026-02-27 14:18:00,exercise,Treadmill session,"A,D",internal,
2026-02-27 14:30:00,2026-02-27 15:44:00,logistics,Supply transfer,"A,B,D",internal,
2026-02-27 15:53:00,2026-02-27 16:50:00,research,Fluid physics experiment,"B,C",internal,
2026-02-28 08:15:00,2026-02-28 09:11:00,sampling,Water quality sampling,"B,D",internal,
2026-02-28 09:31:00,2026-02-28 10:01:00,comm,Morning DPC,"A,B,D",internal,
2026-02-28 10:08:00,2026-02-28 10:55:00,repair,Water recovery system repair,"A,B,C",internal,
2026-02-28 11:07:00,2026-02-28 12:24:00,personal,Personal time,A,internal,
2026-02-28 12:44:00,2026-02-28 13:14:00,comm,Family conference,"A,C,D",internal,
2026-02-28 13:27:00,2026-02-28 14:31:00,logistics,Trash consolidation,"A,C",internal,
2026-02-28 14:42:00,2026-02-28 15:57:00,exercise,Treadmill session,D,internal,
2026-03-01 08:15:00,2026-03-01 09:21:00,repair,Cable rerouting,"A,C,D",internal,
2026-03-01 09:37:00,2026-03-01 10:07:00,comm,Morning DPC,"C,D",internal,
2026-03-01 10:21:00,2026-03-01 11:36:00,exercise,Resistance exercise device session,"A,B",internal,
2026-03-01 11:45:00,2026-03-01 12:23:00,research,Crew health survey,B,internal,
2026-03-01 12:32:00,2026-03-01 13:55:00,sampling,Acoustic level measurement,"A,D",internal,
2026-03-01 14:07:00,2026-03-01 15:17:00,research,Plant growth experiment,"A,D",internal,
2026-03-01 15:35:00,2026-03-01 16:05:00,comm,Family conference,"B,C,D",internal,
2026-03-01 16:22:00,2026-03-01 17:52:00,personal,Personal time,C,internal,
2026-03-02 08:15:00,2026-03-02 08:45:00,comm,Ground science conference,"B,C",internal,
2026-03-02 08:56:00,2026-03-02 09:26:00,comm,Ground science conference,"B,C,D",internal,
2026-03-02 09:41:00,2026-03-02 11:08:00,sampling,Air quality sampling,A,internal,
2026-03-02 11:14:00,2026-03-02 11:45:00,logistics,Supply transfer,D,internal,
2026-03-02 11:53:00,2026-03-02 13:08:00,exercise,Cycle ergometer session,"B,C",internal,
2026-03-03 08:15:00,2026-03-03 09:31:00,repair,Exercise device maintenance,"A,C",internal,
2026-03-03 09:43:00,2026-03-03 10:13:00,repair,Water recovery system repair,"A,D",internal,
2026-03-03 10:24:00,2026-03-03 11:08:00,sampling,Acoustic level measurement,A,internal,
2026-03-03 11:27:00,2026-03-03 12:42:00,exercise,Cycle ergometer session,"B,D",internal,
2026-03-03 12:50:00,2026-03-03 13:20:00,comm,Morning DPC,"A,C",internal,
2026-03-03 13:32:00,2026-03-03 14:08:00,sampling,Air quality sampling,"A,C",internal,
2026-03-03 14:23:00,2026-03-03 14:53:00,comm,Morning DPC,A,internal,
2026-03-04 08:15:00,2026-03-04 09:33:00,research,Crew health survey,"B,C,D",internal,
2026-03-04 09:41:00,2026-03-04 10:11:00,comm,Morning DPC,C,internal,
2026-03-04 10:20:00,2026-03-04 11:05:00,personal,Earth observation,A,internal,
2026-03-04 11:19:00,2026-03-04 12:34:00,exercise,Treadmill session,"B,C,D",internal,
2026-03-04 12:45:00,2026-03-04 13:15:00,comm,Family conference,D,internal,
2026-03-04 13:21:00,2026-03-04 13:58:00,research,Plant growth experiment,"A,C",internal,
2026-03-04 14:10:00,2026-03-04 15:03:00,logistics,Supply transfer,D,internal,
2026-03-05 08:15:00,2026-03-05 09:25:00,repair,Water recovery system repair,"A,D",internal,
2026-03-05 09:43:00,2026-03-05 10:47:00,repair,Exercise device maintenance,"A,B",internal,
2026-03-05 10:56:00,2026-03-05 11:26:00,comm,Family conference,C,internal,
2026-03-05 11:37:00,2026-03-05 12:44:00,repair,Air filter replacement,"C,D",internal,
2026-03-05 12:51:00,2026-03-05 13:24:00,personal,Rest period,A,internal,
2026-03-05 13:36:00,2026-03-05 14:51:00,exercise,Resistance exercise device session,"A,B",internal,
2026-03-05 14:59:00,2026-03-05 15:29:00,comm,Evening DPC,A,internal,
2026-03-05 15:39:00,2026-03-05 16:53:00,repair,Cable rerouting,D,internal,
2026-03-06 08:15:00,2026-03-06 09:18:00,sampling,Air quality sampling,"A,B",internal,
2026-03-06 09:25:00,2026-03-06 10:27:00,research,Radiation monitoring check,D,internal,
2026-03-06 10:43:00,2026-03-06 11:13:00,comm,Morning DPC,"B,D",internal,
2026-03-06 11:23:00,2026-03-06 11:53:00,comm,Morning DPC,A,internal,
2026-03-06 12:01:00,2026-03-06 13:25:00,sampling,Air quality sampling,A,internal,
2026-03-06 13:30:00,2026-03-06 14:45:00,exercise,Cycle ergometer session,"A,B",internal,
2026-03-06 15:01:00,2026-03-06 16:06:00,research,Fluid physics experiment,C,internal,
2026-03-07 08:15:00,2026-03-07 09:10:00,repair,Cable rerouting,"B,C",internal,
2026-03-07 09:17:00,2026-03-07 09:47:00,comm,Evening DPC,"A,B,D",internal,
2026-03-07 09:54:00,2026-03-07 10:42:00,repair,Water recovery system repair,"B,C,D",internal,
2026-03-07 10:56:00,2026-03-07 11:26:00,comm,Evening DPC,B,internal,
2026-03-07 11:46:00,2026-03-07 13:01:00,exercise,Resistance exercise device session,"A,D",internal,
2026-03-07 13:06:00,2026-03-07 13:58:00,sampling,Air quality sampling,"A,C",internal,
2026-03-07 14:03:00,2026-03-07 15:27:00,personal,Meal prep,A,internal,
2026-03-08 08:15:00,2026-03-08 09:22:00,sampling,Surface microbial sampling,"B,C,D",internal,
2026-03-08 09:30:00,2026-03-08 10:45:00,exercise,Treadmill session,"A,B",internal,
2026-03-08 10:51:00,2026-03-08 11:21:00,comm,Ground science conference,"C,D",internal,
2026-03-08 11:34:00,2026-03-08 12:04:00,comm,Morning DPC,"A,C",internal,
2026-03-08 12:19:00,2026-03-08 13:49:00,repair,Air filter replacement,A,internal,
2026-03-08 14:00:00,2026-03-08 14:36:00,research,Combustion experiment setup,"B,D",internal,
2026-03-08 14:46:00,2026-03-08 15:23:00,repair,Cable rerouting,D,internal,
2026-03-08 15:39:00,2026-03-08 16:38:00,repair,Air filter replacement,A,internal,
2026-03-09 08:15:00,2026-03-09 09:07:00,sampling,Acoustic level measurement,"A,B,C",internal,
2026-03-09 09:24:00,2026-03-09 10:46:00,research,Combustion experiment setup,D,internal,
2026-03-09 10:56:00,2026-03-09 11:26:00,comm,Morning DPC,D,internal,
2026-03-09 11:38:00,2026-03-09 12:53:00,exercise,Cycle ergometer session,A,internal,
2026-03-09 13:02:00,2026-03-09 13:32:00,comm,Family conference,B,internal,
2026-03-10 08:15:00,2026-03-10 08:45:00,comm,Ground science conference,"A,B",internal,
2026-03-10 08:56:00,2026-03-10 09:33:00,personal,Personal time,D,internal,
2026-03-10 09:39:00,2026-03-10 10:19:00,personal,Rest period,D,internal,
2026-03-10 10:37:00,2026-03-10 11:52:00,exercise,Treadmill session,"A,D",internal,
2026-03-10 11:57:00,2026-03-10 12:27:00,comm,Ground science conference,C,internal,
2026-03-11 08:15:00,2026-03-11 08:45:00,comm,Evening DPC,D,internal,
2026-03-11 09:02:00,2026-03-11 09:32:00,comm,Family conference,"A,B,C",internal,
2026-03-11 09:44:00,2026-03-11 10:48:00,logistics,Inventory audit,"B,C",internal,
2026-03-11 11:08:00,2026-03-11 12:23:00,exercise,Resistance exercise device session,C,internal,
2026-03-11 12:33:00,2026-03-11 13:17:00,sampling,Acoustic level measurement,"A,B",internal,
2026-03-11 13:22:00,2026-03-11 14:41:00,logistics,Trash consolidation,A,internal,
2026-03-12 08:15:00,2026-03-12 08:45:00,comm,Morning DPC,"B,C,D",internal,
2026-03-12 08:57:00,2026-03-12 10:12:00,personal,Meal prep,B,internal,
2026-03-12 10:28:00,2026-03-12 11:43:00,exercise,Cycle ergometer session,"A,B,C",internal,
2026-03-12 12:03:00,2026-03-12 12:33:00,comm,Evening DPC,B,internal,
2026-03-12 12:40:00,2026-03-12 13:11:00,research,Radiation monitoring check,C,internal,
2026-03-13 08:15:00,2026-03-13 08:45:00,comm,Morning DPC,"C,D",internal,
2026-03-13 08:52:00,2026-03-13 09:43:00,repair,Hatch seal inspection,"A,B",internal,
2026-03-13 09:57:00,2026-03-13 10:27:00,comm,Ground science conference,"B,C",internal,
2026-03-13 10:47:00,2026-03-13 12:02:00,exercise,Resistance exercise device session,"B,C,D",internal,
2026-03-13 12:14:00,2026-03-13 13:28:00,repair,Exercise device maintenance,B,internal,
2026-03-13 13:42:00,2026-03-13 15:12:00,sampling,Water quality sampling,"A,B,D",internal,
2026-03-13 15:29:00,2026-03-13 16:44:00,exercise,Resistance exercise device session,"B,D",internal,
2026-03-14 08:15:00,2026-03-14 08:45:00,comm,Family conference,A,internal,
2026-03-14 08:53:00,2026-03-14 09:51:00,sampling,Air quality sampling,D,internal,
2026-03-14 10:09:00,2026-03-14 11:35:00,research,Combustion experiment setup,"A,D",internal,
2026-03-14 11:52:00,2026-03-14 13:12:00,logistics,Cargo stowage,D,internal,
2026-03-14 13:24:00,2026-03-14 14:45:00,repair,Cable rerouting,"A,B",internal,
2026-03-14 14:51:00,2026-03-14 16:06:00,exercise,Cycle ergometer session,C,internal,
2026-03-14 16:14:00,2026-03-14 16:44:00,comm,Morning DPC,A,internal,
2026-03-14 17:01:00,2026-03-14 18:16:00,exercise,Treadmill session,"A,C,D",internal,
2026-03-15 08:15:00,2026-03-15 09:30:00,exercise,Cycle ergometer session,A,internal,
2026-03-15 09:44:00,2026-03-15 10:14:00,comm,Ground science conference,"A,C,D",internal,
2026-03-15 10:31:00,2026-03-15 11:01:00,sampling,Air quality sampling,C,internal,
2026-03-15 11:19:00,2026-03-15 11:49:00,comm,Evening DPC,A,internal,
2026-03-15 12:00:00,2026-03-15 12:40:00,repair,Exercise device maintenance,D,internal,
2026-03-15 12:54:00,2026-03-15 13:43:00,repair,Cable rerouting,"C,D",internal,
2026-03-15 14:00:00,2026-03-15 14:35:00,research,Combustion experiment setup,C,internal,
2026-03-15 14:52:00,2026-03-15 15:45:00,research,Combustion experiment setup,"A,B",internal,
2026-03-16 08:15:00,2026-03-16 08:45:00,comm,Family conference,"C,D",internal,
2026-03-16 08:51:00,2026-03-16 09:57:00,repair,Hatch seal inspection,"A,C",internal,
2026-03-16 10:09:00,2026-03-16 11:36:00,repair,Air filter replacement,"A,B,D",internal,
2026-03-16 11:42:00,2026-03-16 13:12:00,personal,Meal prep,B,internal,
2026-03-16 13:22:00,2026-03-16 13:52:00,comm,Morning DPC,D,internal,
2026-03-16 14:01:00,2026-03-16 15:14:00,research,Radiation monitoring check,B,internal,
2026-03-16 15:32:00,2026-03-16 16:47:00,exercise,Treadmill session,"A,D",internal,
2026-03-17 08:15:00,2026-03-17 08:45:00,comm,Ground science conference,"A,C,D",internal,
2026-03-17 08:54:00,2026-03-17 10:19:00,repair,Hatch seal inspection,"B,C",internal,
2026-03-17 10:35:00,2026-03-17 11:05:00,comm,Ground science conference,B,internal,
2026-03-17 11:25:00,2026-03-17 12:40:00,exercise,Cycle ergometer session,D,internal,
2026-03-17 12:57:00,2026-03-17 13:52:00,personal,Personal time,B,internal,
2026-03-17 14:07:00,2026-03-17 15:24:00,personal,Earth observation,C,internal,
2026-03-17 15:44:00,2026-03-17 16:15:00,logistics,Supply transfer,"B,C",internal,
2026-03-18 08:15:00,2026-03-18 08:45:00,comm,Family conference,"B,D",internal,
2026-03-18 08:56:00,2026-03-18 10:11:00,exercise,Cycle ergometer session,B,internal,
2026-03-18 10:27:00,2026-03-18 11:16:00,sampling,Water quality sampling,A,internal,
2026-03-18 11:33:00,2026-03-18 12:15:00,research,Plant growth experiment,B,internal,
2026-03-18 12:26:00,2026-03-18 13:25:00,logistics,Inventory audit,"B,D",internal,
2026-03-18 13:31:00,2026-03-18 14:01:00,comm,Morning DPC,"A,C,D",internal,
2026-03-19 08:15:00,2026-03-19 08:45:00,comm,Evening DPC,B,internal,
2026-03-19 08:51:00,2026-03-19 10:06:00,exercise,Resistance exercise device session,C,internal,
2026-03-19 10:18:00,2026-03-19 11:14:00,research,Fluid physics experiment,D,internal,
2026-03-19 11:19:00,2026-03-19 12:30:00,sampling,Acoustic level measurement,"A,B,D",internal,
2026-03-19 12:40:00,2026-03-19 13:55:00,exercise,Treadmill session,"B,D",internal,
2026-03-19 14:08:00,2026-03-19 14:54:00,personal,Earth observation,D,internal,
2026-03-19 15:05:00,2026-03-19 16:18:00,personal,Personal time,A,internal,
2026-03-19 16:35:00,2026-03-19 17:05:00,comm,Family conference,"A,B,C",internal,
2026-03-19 17:21:00,2026-03-19 17:55:00,logistics,Inventory audit,"B,C",internal,
2026-03-20 08:15:00,2026-03-20 08:45:00,comm,Family conference,"B,C",internal,
2026-03-20 08:50:00,2026-03-20 09:45:00,research,Crew health survey,B,internal,
2026-03-20 10:02:00,2026-03-20 11:18:00,personal,Earth observation,D,internal,
2026-03-20 11:30:00,2026-03-20 12:00:00,comm,Ground science conference,B,internal,
2026-03-20 12:14:00,2026-03-20 12:50:00,research,Radiation monitoring check,C,internal,
2026-03-20 13:10:00,2026-03-20 14:28:00,research,Crew health survey,"A,D",internal,
2026-03-20 14:38:00,2026-03-20 15:53:00,exercise,Treadmill session,"B,D",internal,
2026-03-21 08:15:00,2026-03-21 08:45:00,comm,Morning DPC,"B,C",internal,
2026-03-21 08:53:00,2026-03-21 09:23:00,comm,Ground science conference,B,internal,
2026-03-21 09:32:00,2026-03-21 10:47:00,exercise,Resistance exercise device session,"A,B,D",internal,
2026-03-21 11:05:00,2026-03-21 12:20:00,exercise,Treadmill session,D,internal,
2026-03-21 12:30:00,2026-03-21 13:40:00,logistics,Supply transfer,"A,D",internal,
2026-03-21 13:50:00,2026-03-21 14:37:00,repair,Hatch seal inspection,B,internal,
2026-03-22 08:15:00,2026-03-22 08:45:00,comm,Morning DPC,"B,C,D",internal,
2026-03-22 08:51:00,2026-03-22 10:06:00,exercise,Resistance exercise device session,"A,B,C",internal,
2026-03-22 10:21:00,2026-03-22 10:51:00,comm,Ground science conference,C,internal,
2026-03-22 11:03:00,2026-03-22 11:41:00,logistics,Cargo stowage,"A,C",internal,
2026-03-22 11:49:00,2026-03-22 13:11:00,logistics,Inventory audit,"B,C",internal,
2026-03-22 13:17:00,2026-03-22 14:14:00,personal,Rest period,C,internal,
2026-03-23 08:15:00,2026-03-23 08:45:00,comm,Morning DPC,"A,C",internal,
2026-03-23 09:02:00,2026-03-23 10:14:00,repair,Exercise device maintenance,A,internal,
2026-03-23 10:22:00,2026-03-23 11:18:00,research,Crew health survey,"A,C",internal,
2026-03-23 11:37:00,2026-03-23 12:37:00,research,Crew health survey,A,internal,
2026-03-23 12:46:00,2026-03-23 13:16:00,comm,Evening DPC,C,internal,
2026-03-23 13:34:00,2026-03-23 14:30:00,research,Plant growth experiment,"A,B,D",internal,
2026-03-23 14:38:00,2026-03-23 15:39:00,research,Crew health survey,"A,B,D",internal,
2026-03-23 15:50:00,2026-03-23 17:05:00,exercise,Resistance exercise device session,"A,B",internal,
2026-03-24 08:15:00,2026-03-24 09:31:00,repair,Cable rerouting,"B,D",internal,
2026-03-24 09:39:00,2026-03-24 10:09:00,comm,Evening DPC,"A,D",internal,
2026-03-24 10:22:00,2026-03-24 11:37:00,exercise,Treadmill session,"C,D",internal,
2026-03-24 11:43:00,2026-03-24 12:40:00,repair,Exercise device maintenance,A,internal,
2026-03-24 12:48:00,2026-03-24 14:12:00,sampling,Acoustic level measurement,C,internal,
2026-03-24 14:21:00,2026-03-24 15:48:00,research,Crew health survey,"A,C,D",internal,
2026-03-24 16:07:00,2026-03-24 17:29:00,repair,Hatch seal inspection,A,internal,
2026-03-24 17:44:00,2026-03-24 18:14:00,comm,Family conference,"B,C",internal,
2026-03-25 08:15:00,2026-03-25 09:36:00,research,Crew health survey,D,internal,
2026-03-25 09:55:00,2026-03-25 11:04:00,repair,Hatch seal inspection,D,internal,
2026-03-25 11:09:00,2026-03-25 11:39:00,comm,Morning DPC,"A,D",internal,
2026-03-25 11:47:00,2026-03-25 12:33:00,repair,Cable rerouting,B,internal,
2026-03-25 12:48:00,2026-03-25 14:03:00,exercise,Treadmill session,"B,D",internal,
2026-03-25 14:11:00,2026-03-25 14:41:00,comm,Morning DPC,A,internal,
2026-03-26 08:15:00,2026-03-26 09:10:00,research,Combustion experiment setup,D,internal,
2026-03-26 09:22:00,2026-03-26 10:43:00,sampling,Air quality sampling,D,internal,
2026-03-26 11:02:00,2026-03-26 11:52:00,repair,Hatch seal inspection,"A,D",internal,
2026-03-26 12:00:00,2026-03-26 12:30:00,comm,Morning DPC,A,internal,
2026-03-26 12:48:00,2026-03-26 14:03:00,exercise,Treadmill session,"B,C,D",internal,
2026-03-26 14:17:00,2026-03-26 15:10:00,logistics,Inventory audit,D,internal,
2026-03-26 15:16:00,2026-03-26 15:46:00,comm,Morning DPC,"A,D",internal,
2026-03-26 16:06:00,2026-03-26 17:24:00,logistics,Inventory audit,C,internal,
2026-03-27 08:15:00,2026-03-27 08:51:00,repair,Hatch seal inspection,"A,B,C",internal,
2026-03-27 09:04:00,2026-03-27 09:47:00,personal,Earth observation,B,internal,
2026-03-27 10:06:00,2026-03-27 10:36:00,comm,Morning DPC,"A,C",internal,
2026-03-27 10:44:00,2026-03-27 12:03:00,sampling,Surface microbial sampling,"B,D",internal,
2026-03-27 12:22:00,2026-03-27 13:25:00,personal,Rest period,D,internal,
2026-03-27 13:31:00,2026-03-27 14:01:00,comm,Morning DPC,"A,B,C",internal,
2026-03-27 14:11:00,2026-03-27 15:26:00,exercise,Treadmill session,"B,C,D",internal,
2026-03-28 08:15:00,2026-03-28 09:23:00,sampling,Water quality sampling,"A,C,D",internal,
2026-03-28 09:37:00,2026-03-28 10:20:00,logistics,Trash consolidation,"B,C",internal,
2026-03-28 10:34:00,2026-03-28 11:49:00,exercise,Resistance exercise device session,C,internal,
2026-03-28 12:04:00,2026-03-28 12:34:00,comm,Family conference,"B,C,D",internal,
2026-03-28 12:54:00,2026-03-28 14:15:00,sampling,Water quality sampling,"A,B,D",internal,
2026-03-28 14:20:00,2026-03-28 14:50:00,comm,Ground science conference,B,internal,
2026-03-29 08:15:00,2026-03-29 09:24:00,sampling,Surface microbial sampling,"A,B,D",internal,
2026-03-29 09:36:00,2026-03-29 11:05:00,repair,Cable rerouting,"C,D",internal,
2026-03-29 11:22:00,2026-03-29 12:27:00,sampling,Water quality sampling,C,internal,
2026-03-29 12:33:00,2026-03-29 13:03:00,comm,Evening DPC,C,internal,
2026-03-29 13:22:00,2026-03-29 14:37:00,exercise,Resistance exercise device session,"A,D",internal,
2026-03-29 14:48:00,2026-03-29 15:22:00,research,Combustion experiment setup,A,internal,
2026-03-29 15:32:00,2026-03-29 16:02:00,comm,Ground science conference,"C,D",internal,
2026-03-30 08:15:00,2026-03-30 08:45:00,comm,Evening DPC,"A,B,C",internal,
2026-03-30 09:05:00,2026-03-30 09:46:00,logistics,Cargo stowage,"B,C,D",internal,
2026-03-30 09:53:00,2026-03-30 10:45:00,sampling,Acoustic level measurement,C,internal,
2026-03-30 10:57:00,2026-03-30 11:50:00,research,Radiation monitoring check,D,internal,
2026-03-30 12:04:00,2026-03-30 13:26:00,repair,Hatch seal inspection,C,internal,
2026-03-30 13:31:00,2026-03-30 14:01:00,comm,Family conference,"A,B,D",internal,
2026-03-30 14:13:00,2026-03-30 15:28:00,exercise,Resistance exercise device session,"C,D",internal,
2026-03-30 15:36:00,2026-03-30 16:51:00,exercise,Resistance exercise device session,C,internal,
2026-03-31 08:15:00,2026-03-31 08:45:00,comm,Evening DPC,B,internal,
2026-03-31 08:50:00,2026-03-31 10:15:00,research,Radiation monitoring check,B,internal,
2026-03-31 10:33:00,2026-03-31 11:56:00,sampling,Surface microbial sampling,B,internal,
2026-03-31 12:14:00,2026-03-31 13:29:00,exercise,Cycle ergometer session,"A,D",internal,
2026-03-31 13:48:00,2026-03-31 14:18:00,comm,Morning DPC,C,internal,
2026-04-01 08:15:00,2026-04-01 08:45:00,comm,Morning DPC,"A,C,D",internal,
2026-04-01 08:50:00,2026-04-01 09:42:00,logistics,Cargo stowage,"C,D",internal,
2026-04-01 09:50:00,2026-04-01 10:38:00,logistics,Cargo stowage,"C,D",internal,
2026-04-01 10:57:00,2026-04-01 11:57:00,logistics,Inventory audit,"A,B,D",internal,
2026-04-01 12:07:00,2026-04-01 13:22:00,exercise,Resistance exercise device session,"A,C",internal,
2026-04-01 13:31:00,2026-04-01 14:01:00,comm,Morning DPC,A,internal,
2026-04-01 14:10:00,2026-04-01 15:16:00,logistics,Inventory audit,"A,B,D",internal,
2026-04-02 08:15:00,2026-04-02 09:39:00,research,Crew health survey,"A,B,D",internal,
2026-04-02 09:58:00,2026-04-02 10:34:00,research,Fluid physics experiment,"B,C,D",internal,
2026-04-02 10:45:00,2026-04-02 11:15:00,comm,Morning DPC,C,internal,
2026-04-02 11:27:00,2026-04-02 12:42:00,exercise,Treadmill session,"B,D",internal,
2026-04-02 12:53:00,2026-04-02 14:08:00,exercise,Treadmill session,"B,C,D",internal,
2026-04-02 14:22:00,2026-04-02 14:52:00,comm,Ground science conference,A,internal,
2026-04-02 15:10:00,2026-04-02 15:55:00,research,Fluid physics experiment,"B,C",internal,
2026-04-03 08:15:00,2026-04-03 08:45:00,comm,Morning DPC,"A,C",internal,
2026-04-03 08:56:00,2026-04-03 10:23:00,logistics,Trash consolidation,"A,B,C",internal,
2026-04-03 10:28:00,2026-04-03 11:56:00,sampling,Water quality sampling,"B,C,D",internal,
2026-04-03 12:02:00,2026-04-03 13:17:00,exercise,Resistance exercise device session,"B,C",internal,
2026-04-03 13:33:00,2026-04-03 14:57:00,logistics,Cargo stowage,D,internal,
2026-04-03 15:11:00,2026-04-03 16:06:00,sampling,Water quality sampling,"A,C,D",internal,
2026-04-03 16:22:00,2026-04-03 17:40:00,logistics,Trash consolidation,"A,B",internal,
2026-04-03 17:49:00,2026-04-03 18:19:00,comm,Family conference,"A,D",internal,
2026-04-04 08:15:00,2026-04-04 08:47:00,research,Crew health survey,C,internal,
2026-04-04 09:02:00,2026-04-04 10:17:00,exercise,Resistance exercise device session,"B,D",internal,
2026-04-04 10:27:00,2026-04-04 11:42:00,exercise,Resistance exercise device session,"A,B,C",internal,
2026-04-04 11:49:00,2026-04-04 12:44:00,repair,Water recovery system repair,"B,D",internal,
2026-04-04 13:00:00,2026-04-04 13:30:00,comm,Evening DPC,"A,B,D",internal,
2026-04-04 13:35:00,2026-04-04 14:05:00,comm,Evening DPC,"A,C,D",internal,
2026-04-04 14:12:00,2026-04-04 14:52:00,personal,Meal prep,A,internal,
2026-04-05 08:15:00,2026-04-05 09:26:00,logistics,Cargo stowage,B,internal,
2026-04-05 09:44:00,2026-04-05 10:59:00,exercise,Resistance exercise device session,"A,B,C",internal,
2026-04-05 11:08:00,2026-04-05 11:38:00,comm,Ground science conference,B,internal,
2026-04-05 11:47:00,2026-04-05 12:17:00,comm,Ground science conference,"A,C,D",internal,
2026-04-05 12:27:00,2026-04-05 13:57:00,logistics,Supply transfer,D,internal,
2026-04-06 08:15:00,2026-04-06 08:59:00,research,Plant growth experiment,"A,B",internal,
2026-04-06 09:16:00,2026-04-06 10:31:00,exercise,Cycle ergometer session,"A,C,D",internal,
2026-04-06 10:42:00,2026-04-06 11:42:00,personal,Personal time,A,internal,
2026-04-06 11:48:00,2026-04-06 12:48:00,personal,Rest period,A,internal,
2026-04-06 12:57:00,2026-04-06 13:27:00,comm,Family conference,"A,C",internal,
2026-04-06 13:45:00,2026-04-06 14:29:00,personal,Earth observation,D,internal,
2026-04-06 14:49:00,2026-04-06 15:19:00,comm,Family conference,"B,D",internal,
2026-04-06 15:27:00,2026-04-06 16:46:00,research,Radiation monitoring check,C,internal,
2026-04-07 08:15:00,2026-04-07 08:45:00,comm,Evening DPC,"A,C",internal,
2026-04-07 09:00:00,2026-04-07 09:57:00,repair,Cable rerouting,"C,D",internal,
2026-04-07 10:10:00,2026-04-07 10:40:00,comm,Family conference,"B,D",internal,
2026-04-07 10:53:00,2026-04-07 11:34:00,personal,Earth observation,D,internal,
2026-04-07 11:50:00,2026-04-07 13:05:00,exercise,Resistance exercise device session,"B,C,D",internal,
2026-04-07 13:19:00,2026-04-07 13:57:00,repair,Air filter replacement,D,internal,
2026-04-08 08:15:00,2026-04-08 08:50:00,personal,Meal prep,C,internal,
2026-04-08 08:57:00,2026-04-08 09:27:00,comm,Family conference,A,internal,
2026-04-08 09:43:00,2026-04-08 10:13:00,comm,Evening DPC,"A,C,D",internal,
2026-04-08 10:30:00,2026-04-08 11:45:00,exercise,Resistance exercise device session,"A,D",internal,
2026-04-08 12:05:00,2026-04-08 13:34:00,research,Radiation monitoring check,A,internal,
2026-04-08 13:48:00,2026-04-08 15:03:00,exercise,Treadmill session,"A,B,C",internal,
2026-04-08 15:15:00,2026-04-08 16:00:00,personal,Personal time,B,internal,
2026-04-08 16:05:00,2026-04-08 16:52:00,repair,Water recovery system repair,"B,D",internal,
2026-04-09 08:15:00,2026-04-09 09:30:00,exercise,Resistance exercise device session,"B,C,D",internal,
2026-04-09 09:42:00,2026-04-09 10:12:00,comm,Morning DPC,"B,D",internal,
2026-04-09 10:17:00,2026-04-09 11:32:00,exercise,Resistance exercise device session,"A,B,C",internal,
2026-04-09 11:39:00,2026-04-09 12:25:00,personal,Rest period,D,internal,
2026-04-09 12:38:00,2026-04-09 16:50:00,EVA,External camera maintenance,C,external,
2026-04-09 17:10:00,2026-04-09 18:23:00,repair,Cable rerouting,"A,B,D",internal,
2026-04-09 18:42:00,2026-04-09 19:12:00,comm,Evening DPC,"B,C",internal,
2026-04-10 08:15:00,2026-04-10 08:49:00,personal,Earth observation,D,internal,
2026-04-10 08:59:00,2026-04-10 09:51:00,sampling,Air quality sampling,"A,C,D",internal,
2026-04-10 10:02:00,2026-04-10 11:19:00,repair,Cable rerouting,B,internal,
2026-04-10 11:30:00,2026-04-10 12:13:00,personal,Meal prep,B,internal,
2026-04-10 12:25:00,2026-04-10 13:40:00,exercise,Cycle ergometer session,A,internal,
2026-04-10 13:56:00,2026-04-10 14:26:00,comm,Morning DPC,"A,C",internal,
2026-04-10 14:33:00,2026-04-10 15:03:00,comm,Ground science conference,"B,C",internal,
2026-04-11 08:15:00,2026-04-11 08:45:00,comm,Morning DPC,"B,D",internal,
2026-04-11 09:01:00,2026-04-11 10:15:00,research,Fluid physics experiment,"A,D",internal,
2026-04-11 10:34:00,2026-04-11 11:04:00,comm,Ground science conference,"A,B,C",internal,
2026-04-11 11:21:00,2026-04-11 12:02:00,personal,Earth observation,B,internal,
2026-04-11 12:15:00,2026-04-11 13:15:00,logistics,Supply transfer,"B,D",internal,
2026-04-11 13:30:00,2026-04-11 14:13:00,research,Crew health survey,"B,C",internal,
2026-04-11 14:31:00,2026-04-11 15:46:00,exercise,Resistance exercise device session,B,internal,
2026-04-12 08:15:00,2026-04-12 09:11:00,personal,Earth observation,B,internal,
2026-04-12 09:31:00,2026-04-12 10:01:00,comm,Morning DPC,"C,D",internal,
2026-04-12 10:21:00,2026-04-12 11:36:00,exercise,Cycle ergometer session,B,internal,
2026-04-12 11:53:00,2026-04-12 12:36:00,research,Crew health survey,"A,B",internal,
2026-04-12 12:49:00,2026-04-12 13:35:00,logistics,Cargo stowage,"B,C",internal,
2026-04-12 13:51:00,2026-04-12 14:47:00,logistics,Trash consolidation,"B,C",internal,
2026-04-12 14:55:00,2026-04-12 15:25:00,comm,Family conference,"C,D",internal,
2026-04-13 08:15:00,2026-04-13 08:45:00,comm,Family conference,"C,D",internal,
2026-04-13 08:55:00,2026-04-13 10:10:00,exercise,Treadmill session,B,internal,
2026-04-13 10:17:00,2026-04-13 11:01:00,personal,Earth observation,C,internal,
2026-04-13 11:16:00,2026-04-13 12:31:00,logistics,Inventory audit,"B,C,D",internal,
2026-04-13 12:44:00,2026-04-13 13:14:00,comm,Morning DPC,"A,B",internal,
2026-04-14 08:15:00,2026-04-14 08:45:00,comm,Evening DPC,C,internal,
2026-04-14 08:52:00,2026-04-14 09:27:00,logistics,Inventory audit,"A,B",internal,
2026-04-14 09:44:00,2026-04-14 10:42:00,repair,Exercise device maintenance,B,internal,
2026-04-14 10:51:00,2026-04-14 11:23:00,research,Radiation monitoring check,"B,D",internal,
2026-04-14 11:39:00,2026-04-14 12:09:00,comm,Family conference,"A,C,D",internal,
2026-04-14 12:22:00,2026-04-14 13:32:00,research,Radiation monitoring check,"B,C,D",internal,
2026-04-14 13:50:00,2026-04-14 15:05:00,exercise,Treadmill session,D,internal,
2026-04-14 15:17:00,2026-04-14 16:32:00,exercise,Treadmill session,"A,C",internal,
2026-04-15 08:15:00,2026-04-15 08:45:00,comm,Ground science conference,"A,B",internal,
2026-04-15 09:03:00,2026-04-15 09:45:00,sampling,Water quality sampling,"A,B,D",internal,
2026-04-15 10:03:00,2026-04-15 11:18:00,exercise,Cycle ergometer session,"B,D",internal,
2026-04-15 11:35:00,2026-04-15 12:32:00,logistics,Supply transfer,"B,C,D",internal,
2026-04-15 12:44:00,2026-04-15 13:14:00,comm,Evening DPC,B,internal,
2026-04-15 13:25:00,2026-04-15 14:40:00,exercise,Resistance exercise device session,D,internal,
2026-04-15 14:54:00,2026-04-15 15:52:00,sampling,Surface microbial sampling,"A,B,D",internal,
2026-04-16 08:15:00,2026-04-16 09:30:00,exercise,Cycle ergometer session,A,internal,
2026-04-16 09:35:00,2026-04-16 10:05:00,comm,Family conference,"B,D",internal,
2026-04-16 10:10:00,2026-04-16 10:59:00,research,Plant growth experiment,"C,D",internal,
2026-04-16 11:19:00,2026-04-16 12:34:00,exercise,Cycle ergometer session,B,internal,
2026-04-16 12:49:00,2026-04-16 13:36:00,repair,Air filter replacement,D,internal,
2026-04-16 13:53:00,2026-04-16 14:23:00,comm,Morning DPC,"A,D",internal,
2026-04-17 08:15:00,2026-04-17 09:30:00,exercise,Resistance exercise device session,A,internal,
2026-04-17 09:45:00,2026-04-17 10:15:00,comm,Ground science conference,"C,D",internal,
2026-04-17 10:23:00,2026-04-17 11:05:00,research,Plant growth experiment,B,internal,
2026-04-17 11:21:00,2026-04-17 12:06:00,logistics,Inventory audit,"A,D",internal,
2026-04-17 12:24:00,2026-04-17 13:31:00,logistics,Cargo stowage,"A,B",internal,
2026-04-17 13:39:00,2026-04-17 14:46:00,repair,Air filter replacement,"A,B,D",internal,
2026-04-17 15:06:00,2026-04-17 15:46:00,research,Plant growth experiment,C,internal,
2026-04-17 16:06:00,2026-04-17 16:36:00,comm,Morning DPC,"B,C",internal,
2026-04-18 08:15:00,2026-04-18 08:45:00,comm,Ground science conference,"A,C,D",internal,
2026-04-18 08:59:00,2026-04-18 09:49:00,logistics,Trash consolidation,"A,B",internal,
2026-04-18 10:08:00,2026-04-18 11:06:00,repair,Exercise device maintenance,"B,C",internal,
2026-04-18 11:20:00,2026-04-18 12:35:00,exercise,Resistance exercise device session,A,internal,
2026-04-18 12:52:00,2026-04-18 13:22:00,comm,Family conference,"A,B,D",internal,
2026-04-18 13:38:00,2026-04-18 14:53:00,exercise,Resistance exercise device session,"A,C,D",internal,
2026-04-18 15:04:00,2026-04-18 15:52:00,logistics,Cargo stowage,"A,C",internal,
2026-04-18 16:07:00,2026-04-18 17:10:00,research,Fluid physics experiment,B,internal,
2026-04-19 08:15:00,2026-04-19 08:59:00,research,Combustion experiment setup,B,internal,
2026-04-19 09:06:00,2026-04-19 09:36:00,comm,Family conference,"A,B",internal,
2026-04-19 09:43:00,2026-04-19 10:58:00,exercise,Resistance exercise device session,C,internal,
2026-04-19 11:14:00,2026-04-19 11:44:00,comm,Morning DPC,C,internal,
2026-04-19 11:50:00,2026-04-19 13:20:00,repair,Water recovery system repair,"A,C,D",internal,
2026-04-19 13:31:00,2026-04-19 14:25:00,personal,Meal prep,B,internal,
2026-04-19 14:36:00,2026-04-19 15:42:00,repair,Water recovery system repair,"A,C,D",internal,
2026-04-19 15:52:00,2026-04-19 16:44:00,logistics,Trash consolidation,"A,D",internal,
2026-04-20 08:15:00,2026-04-20 09:30:00,exercise,Resistance exercise device session,"B,C",internal,
2026-04-20 09:48:00,2026-04-20 10:31:00,personal,Earth observation,C,internal,
2026-04-20 10:48:00,2026-04-20 11:18:00,comm,Morning DPC,"A,D",internal,
2026-04-20 11:37:00,2026-04-20 12:25:00,personal,Earth observation,B,internal,
2026-04-20 12:30:00,2026-04-20 13:00:00,logistics,Inventory audit,B,internal,
2026-04-20 13:14:00,2026-04-20 13:44:00,comm,Morning DPC,"A,B",internal,
2026-04-21 08:15:00,2026-04-21 08:45:00,comm,Family conference,"A,D",internal,
2026-04-21 08:52:00,2026-04-21 10:14:00,personal,Personal time,C,internal,
2026-04-21 10:22:00,2026-04-21 11:38:00,research,Crew health survey,A,internal,
2026-04-21 11:55:00,2026-04-21 12:47:00,sampling,Surface microbial sampling,"A,D",internal,
2026-04-21 13:05:00,2026-04-21 14:20:00,exercise,Resistance exercise device session,C,internal,
2026-04-21 14:37:00,2026-04-21 15:09:00,research,Fluid physics experiment,"A,B,D",internal,
2026-04-21 15:24:00,2026-04-21 15:54:00,comm,Morning DPC,"C,D",internal,
2026-04-22 08:15:00,2026-04-22 09:30:00,exercise,Treadmill session,"B,D",internal,
2026-04-22 09:39:00,2026-04-22 10:50:00,research,Crew health survey,"A,B,C",internal,
2026-04-22 11:01:00,2026-04-22 12:20:00,repair,Hatch seal inspection,"A,D",internal,
2026-04-22 12:38:00,2026-04-22 13:35:00,research,Crew health survey,"B,D",internal,
2026-04-22 13:51:00,2026-04-22 14:21:00,comm,Family conference,"B,D",internal,
2026-04-22 14:26:00,2026-04-22 15:35:00,logistics,Trash consolidation,"A,D",internal,
2026-04-22 15:44:00,2026-04-22 16:14:00,comm,Morning DPC,A,internal,
2026-04-22 16:30:00,2026-04-22 17:47:00,sampling,Acoustic level measurement,B,internal,
2026-04-22 17:53:00,2026-04-22 19:08:00,exercise,Treadmill session,"A,B",internal,
2026-04-23 08:15:00,2026-04-23 08:45:00,comm,Evening DPC,"A,B",internal,
2026-04-23 08:50:00,2026-04-23 10:05:00,exercise,Resistance exercise device session,"B,C",internal,
2026-04-23 10:11:00,2026-04-23 10:58:00,personal,Personal time,D,internal,
2026-04-23 11:04:00,2026-04-23 11:38:00,research,Plant growth experiment,"A,C",internal,
2026-04-23 11:55:00,2026-04-23 12:43:00,personal,Rest period,B,internal,
2026-04-23 13:00:00,2026-04-23 13:30:00,comm,Morning DPC,"C,D",internal,
2026-04-24 08:15:00,2026-04-24 09:07:00,research,Plant growth experiment,C,internal,
2026-04-24 09:21:00,2026-04-24 09:51:00,comm,Ground science conference,"A,C",internal,
2026-04-24 10:04:00,2026-04-24 10:48:00,personal,Rest period,C,internal,
2026-04-24 10:57:00,2026-04-24 12:12:00,exercise,Resistance exercise device session,D,internal,
2026-04-24 12:21:00,2026-04-24 13:36:00,exercise,Cycle ergometer session,"B,C",internal,
2026-04-24 13:48:00,2026-04-24 14:45:00,repair,Air filter replacement,"A,B,C",internal,
2026-04-24 14:59:00,2026-04-24 15:29:00,comm,Evening DPC,"A,B,D",internal,
2026-04-24 15:38:00,2026-04-24 16:35:00,repair,Water recovery system repair,"A,B,D",internal,
2026-04-24 16:44:00,2026-04-24 17:48:00,personal,Earth observation,B,internal,
2026-04-25 08:15:00,2026-04-25 09:30:00,exercise,Cycle ergometer session,A,internal,
2026-04-25 09:39:00,2026-04-25 10:20:00,logistics,Trash consolidation,"A,C,D",internal,
2026-04-25 10:25:00,2026-04-25 10:55:00,comm,Morning DPC,C,internal,
2026-04-25 11:07:00,2026-04-25 11:37:00,comm,Ground science conference,D,internal,
2026-04-25 11:57:00,2026-04-25 12:38:00,sampling,Water quality sampling,"A,D",internal,
2026-04-26 08:15:00,2026-04-26 08:45:00,comm,Family conference,"B,C,D",internal,
2026-04-26 09:04:00,2026-04-26 09:34:00,comm,Family conference,"A,D",internal,
2026-04-26 09:46:00,2026-04-26 11:01:00,exercise,Cycle ergometer session,"A,C",internal,
2026-04-26 11:16:00,2026-04-26 15:13:00,EVA,External camera maintenance,B,external,
2026-04-26 15:32:00,2026-04-26 16:49:00,logistics,Trash consolidation,"A,C,D",internal,
2026-04-26 16:55:00,2026-04-26 17:43:00,sampling,Air quality sampling,"B,C",internal,
2026-04-26 18:02:00,2026-04-26 19:17:00,exercise,Cycle ergometer session,"C,D",internal,
2026-04-27 08:15:00,2026-04-27 08:45:00,comm,Ground science conference,"A,B,D",internal,
2026-04-27 09:04:00,2026-04-27 09:54:00,repair,Exercise device maintenance,A,internal,
2026-04-27 10:04:00,2026-04-27 11:19:00,exercise,Resistance exercise device session,"A,C",internal,
2026-04-27 11:38:00,2026-04-27 12:32:00,personal,Rest period,D,internal,
2026-04-27 12:42:00,2026-04-27 13:14:00,research,Fluid physics experiment,"A,B",internal,
2026-04-27 13:24:00,2026-04-27 14:05:00,repair,Hatch seal inspection,"B,C",internal,
2026-04-27 14:11:00,2026-04-27 14:59:00,logistics,Trash consolidation,B,internal,
2026-04-27 15:09:00,2026-04-27 15:39:00,comm,Family conference,"A,B,C",internal,
2026-04-28 08:15:00,2026-04-28 09:30:00,exercise,Resistance exercise device session,"A,D",internal,
2026-04-28 09:49:00,2026-04-28 10:57:00,personal,Earth observation,B,internal,
2026-04-28 11:02:00,2026-04-28 11:32:00,comm,Evening DPC,B,internal,
2026-04-28 11:43:00,2026-04-28 12:16:00,logistics,Cargo stowage,B,internal,
2026-04-28 12:32:00,2026-04-28 13:02:00,comm,Morning DPC,"A,D",internal,
2026-04-29 08:15:00,2026-04-29 09:34:00,personal,Earth observation,C,internal,
2026-04-29 09:48:00,2026-04-29 11:15:00,personal,Rest period,A,internal,
2026-04-29 11:32:00,2026-04-29 12:47:00,exercise,Cycle ergometer session,"A,D",internal,
2026-04-29 12:54:00,2026-04-29 13:24:00,comm,Evening DPC,"C,D",internal,
2026-04-29 13:37:00,2026-04-29 14:51:00,personal,Personal time,A,internal,
2026-04-29 15:02:00,2026-04-29 16:08:00,personal,Earth observation,D,internal,
2026-04-29 16:15:00,2026-04-29 16:45:00,comm,Evening DPC,"B,C,D",internal,
2026-04-30 08:15:00,2026-04-30 08:45:00,comm,Ground science conference,"A,B,D",internal,
2026-04-30 08:56:00,2026-04-30 09:48:00,research,Crew health survey,B,internal,
2026-04-30 09:59:00,2026-04-30 10:29:00,comm,Ground science conference,C,internal,
2026-04-30 10:42:00,2026-04-30 11:44:00,sampling,Acoustic level measurement,A,internal,
2026-04-30 11:59:00,2026-04-30 12:50:00,personal,Meal prep,A,internal,
2026-04-30 13:07:00,2026-04-30 13:49:00,research,Plant growth experiment,"B,D",internal,
2026-04-30 14:04:00,2026-04-30 15:19:00,exercise,Treadmill session,"B,C",internal,
2026-04-30 15:28:00,2026-04-30 16:55:00,logistics,Cargo stowage,"C,D",internal,
