timestamp,meal_type,item,kcal,protein_g,carbs_g,fat_g,tag
2026-01-01 07:00:00,breakfast,Scrambled Eggs (freeze-dried),203,16,4,16,
2026-01-01 12:00:00,lunch,Vegetable Soup,226,7,26,6,
2026-01-01 18:00:00,dinner,Cheese Tortilla Wrap,438,21,42,20,
2026-01-02 07:00:00,breakfast,Tortilla with Peanut Butter,328,10,33,17,
2026-01-02 10:30:00,snack,Chocolate Bar,240,3,26,12,
2026-01-02 12:30:00,lunch,Chicken Fajita,403,34,38,13,
2026-01-02 15:30:00,snack,Chocolate Bar,215,3,22,10,
2026-01-02 18:30:00,dinner,Spaghetti with Meat Sauce,574,25,66,19,
2026-01-03 06:45:00,breakfast,Scrambled Eggs (freeze-dried),244,17,4,17,
2026-01-03 12:30:00,lunch,Beef Stew (thermostabilized),402,29,32,19,
2026-01-03 18:15:00,dinner,Spaghetti with Meat Sauce,525,22,59,17,
2026-01-03 20:30:00,snack,Vitamin D Supplement,5,0,0,0,
2026-01-04 07:00:00,breakfast,Scrambled Eggs (freeze-dried),213,16,4,15,
2026-01-04 12:30:00,lunch,Shrimp Pasta,429,22,61,15,
2026-01-04 18:30:00,dinner,Teriyaki Chicken with Rice,499,36,56,17,
2026-01-04 20:30:00,snack,Cheese Spread with Crackers,175,6,18,10,
2026-01-05 06:30:00,breakfast,Scrambled Eggs (freeze-dried),197,16,4,15,
2026-01-05 12:45:00,lunch,Tuna Salad with Tortilla,412,26,32,14,
2026-01-05 18:00:00,dinner,Spaghetti with Meat Sauce,548,24,56,19,
2026-01-06 07:15:00,breakfast,Bacon (freeze-dried),162,12,1,14,
2026-01-06 12:15:00,lunch,Vegetable Soup,221,7,31,7,
2026-01-06 18:15:00,dinner,Cheese Tortilla Wrap,385,22,40,22,
2026-01-07 07:00:00,breakfast,Tortilla with Peanut Butter,299,11,29,18,
2026-01-07 12:15:00,lunch,Chicken Fajita,390,33,45,13,
2026-01-07 18:00:00,dinner,Salmon with Roasted Vegetables,549,32,18,25,
2026-01-08 07:15:00,breakfast,Bacon (freeze-dried),205,16,1,14,
2026-01-08 10:30:00,snack,Chocolate Bar,179,3,23,10,
2026-01-08 12:30:00,lunch,Shrimp Pasta,456,23,53,16,
2026-01-08 18:00:00,dinner,Salmon with Roasted Vegetables,444,28,17,24,
2026-01-09 06:30:00,breakfast,Bacon (freeze-dried),181,13,1,13,
2026-01-09 12:45:00,lunch,Shrimp Pasta,434,22,53,12,
2026-01-09 18:45:00,dinner,Chili con Carne,440,25,47,16,
2026-01-10 07:15:00,breakfast,Scrambled Eggs (freeze-dried),235,20,4,14,
2026-01-10 12:45:00,lunch,Vegetable Soup,196,7,30,7,
2026-01-10 18:45:00,dinner,Spaghetti with Meat Sauce,568,27,53,19,
2026-01-11 06:45:00,breakfast,Scrambled Eggs (freeze-dried),198,18,4,15,
2026-01-11 12:15:00,lunch,Chicken Salad,366,37,19,17,
2026-01-11 18:30:00,dinner,Salmon with Roasted Vegetables,469,36,23,24,
2026-01-12 06:45:00,breakfast,Oatmeal,244,9,46,5,
2026-01-12 10:30:00,snack,Vitamin D Supplement,5,0,0,0,
2026-01-12 12:30:00,lunch,Shrimp Pasta,408,23,55,15,
2026-01-12 18:00:00,dinner,Teriyaki Chicken with Rice,637,30,50,16,
2026-01-12 20:30:00,snack,Mixed Nuts,175,6,12,14,
2026-01-13 07:00:00,breakfast,Oatmeal,240,8,47,5,
2026-01-13 12:00:00,lunch,Chicken Fajita,384,31,41,13,
2026-01-13 15:30:00,snack,Granola Bar,140,4,24,5,
2026-01-13 18:15:00,dinner,Cheese Tortilla Wrap,431,18,38,17,
2026-01-14 07:00:00,breakfast,Canned Peaches,102,1,24,0,
2026-01-14 12:15:00,lunch,Chicken Salad,354,33,21,15,
2026-01-14 18:30:00,dinner,Chili con Carne,461,24,47,16,
2026-01-15 06:30:00,breakfast,Bacon (freeze-dried),153,15,1,12,
2026-01-15 10:30:00,snack,Granola Bar,141,4,26,6,
2026-01-15 10:30:00,snack,Dried Fruit,127,1,29,0,
2026-01-15 12:45:00,lunch,Shrimp Pasta,477,22,47,12,
2026-01-15 18:15:00,dinner,Chili con Carne,466,29,43,16,
2026-01-16 06:45:00,breakfast,Tortilla with Peanut Butter,338,11,27,17,
2026-01-16 10:30:00,snack,Cheese Spread with Crackers,164,8,15,11,
2026-01-16 10:30:00,snack,Granola Bar,129,4,23,6,
2026-01-16 12:45:00,lunch,Beef Stew (thermostabilized),360,30,28,20,
2026-01-16 18:15:00,dinner,Chili con Carne,428,28,37,20,
2026-01-17 07:15:00,breakfast,Bacon (freeze-dried),190,15,1,11,
2026-01-17 12:15:00,lunch,Chicken Fajita,461,34,34,15,
2026-01-17 15:30:00,snack,Granola Bar,129,4,24,5,
2026-01-17 18:30:00,dinner,Beef Stroganoff,530,34,40,25,
2026-01-18 07:15:00,breakfast,Bacon (freeze-dried),157,15,1,12,
2026-01-18 12:30:00,lunch,Chicken Salad,381,34,19,17,
2026-01-18 18:15:00,dinner,Cheese Tortilla Wrap,390,21,39,21,
2026-01-18 20:30:00,snack,Granola Bar,153,4,26,5,
2026-01-19 07:00:00,breakfast,Cereal with Milk Powder,237,9,38,5,
2026-01-19 12:15:00,lunch,Shrimp Pasta,492,21,58,15,
2026-01-19 15:30:00,snack,Granola Bar,155,4,24,6,
2026-01-19 18:15:00,dinner,Spaghetti with Meat Sauce,547,22,55,15,
2026-01-20 07:15:00,breakfast,Canned Peaches,90,1,23,0,
2026-01-20 12:45:00,lunch,Chicken Salad,348,35,21,16,
2026-01-20 18:15:00,dinner,Cheese Tortilla Wrap,484,18,36,20,
2026-01-20 20:30:00,snack,Chocolate Bar,216,3,29,11,
2026-01-21 07:15:00,breakfast,Tortilla with Peanut Butter,336,13,30,15,
2026-01-21 10:30:00,snack,Granola Bar,145,4,22,5,
2026-01-21 12:30:00,lunch,Beef Stew (thermostabilized),453,28,31,17,
2026-01-21 18:30:00,dinner,Spaghetti with Meat Sauce,479,23,67,16,
2026-01-21 20:30:00,snack,Dried Fruit,119,1,33,0,
2026-01-22 07:15:00,breakfast,Tortilla with Peanut Butter,298,14,28,15,
2026-01-22 12:15:00,lunch,Tuna Salad with Tortilla,399,24,35,14,
2026-01-22 18:45:00,dinner,Chili con Carne,491,29,47,21,
2026-01-23 06:30:00,breakfast,Cereal with Milk Powder,210,9,47,5,
2026-01-23 12:45:00,lunch,Chicken Fajita,427,30,38,17,
2026-01-23 18:45:00,dinner,Beef Stroganoff,500,26,39,22,
2026-01-24 06:30:00,breakfast,Oatmeal,282,8,48,6,
2026-01-24 12:00:00,lunch,Beef Stew (thermostabilized),435,26,30,16,
2026-01-24 18:45:00,dinner,Teriyaki Chicken with Rice,594,37,50,17,
2026-01-24 20:30:00,snack,Vitamin D Supplement,4,0,0,0,
2026-01-25 07:15:00,breakfast,Bacon (freeze-dried),174,15,1,14,
2026-01-25 12:15:00,lunch,Shrimp Pasta,414,24,61,14,
2026-01-25 18:00:00,dinner,Spaghetti with Meat Sauce,496,23,58,18,
2026-01-26 07:15:00,breakfast,Scrambled Eggs (freeze-dried),241,16,5,16,
2026-01-26 10:30:00,snack,Granola Bar,140,4,26,5,
2026-01-26 12:15:00,lunch,Tuna Salad with Tortilla,392,28,40,13,
2026-01-26 18:45:00,dinner,Cheese Tortilla Wrap,425,22,41,19,
2026-01-27 06:30:00,breakfast,Bacon (freeze-dried),180,13,1,12,
2026-01-27 12:30:00,lunch,Chicken Fajita,420,31,45,15,
2026-01-27 15:30:00,snack,Vitamin D Supplement,5,0,0,0,
2026-01-27 15:30:00,snack,Granola Bar,159,4,25,5,
2026-01-27 18:15:00,dinner,Cheese Tortilla Wrap,377,21,40,22,
2026-01-28 07:00:00,breakfast,Cereal with Milk Powder,229,9,40,5,
2026-01-28 12:15:00,lunch,Shrimp Pasta,444,24,62,15,
2026-01-28 15:30:00,snack,Chocolate Bar,240,3,24,11,
2026-01-28 18:15:00,dinner,Teriyaki Chicken with Rice,600,32,56,17,
2026-01-29 06:45:00,breakfast,Scrambled Eggs (freeze-dried),205,21,4,16,
2026-01-29 12:45:00,lunch,Beef Stew (thermostabilized),370,24,28,18,
2026-01-29 15:30:00,snack,Mixed Nuts,200,6,13,13,
2026-01-29 18:15:00,dinner,Beef Stroganoff,615,28,50,19,
2026-01-30 06:45:00,breakfast,Scrambled Eggs (freeze-dried),195,19,4,16,
2026-01-30 12:45:00,lunch,Beef Stew (thermostabilized),414,28,33,21,
2026-01-30 15:30:00,snack,Granola Bar,157,4,22,4,
2026-01-30 18:00:00,dinner,Beef Stroganoff,558,32,51,20,
2026-01-31 07:15:00,breakfast,Cereal with Milk Powder,254,9,36,5,
2026-01-31 12:45:00,lunch,Chicken Fajita,392,28,37,16,
2026-01-31 18:15:00,dinner,Cheese Tortilla Wrap,420,20,42,22,
2026-02-01 06:30:00,breakfast,Scrambled Eggs (freeze-dried),198,17,4,15,
2026-02-01 12:45:00,lunch,Chicken Fajita,399,32,42,17,
2026-02-01 15:30:00,snack,Chocolate Bar,180,3,27,12,
2026-02-01 18:45:00,dinner,Cheese Tortilla Wrap,422,21,45,21,
2026-02-02 07:00:00,breakfast,Canned Peaches,92,1,20,0,
2026-02-02 12:30:00,lunch,Tuna Salad with Tortilla,362,27,36,14,
2026-02-02 18:45:00,dinner,Spaghetti with Meat Sauce,496,23,63,20,
2026-02-03 07:15:00,breakfast,Cereal with Milk Powder,225,10,46,5,
2026-02-03 12:00:00,lunch,Tuna Salad with Tortilla,378,25,40,14,
2026-02-03 18:00:00,dinner,Cheese Tortilla Wrap,450,20,39,18,
2026-02-03 20:30:00,snack,Dried Fruit,129,1,32,0,
2026-02-04 07:15:00,breakfast,Bacon (freeze-dried),201,14,1,14,
2026-02-04 12:15:00,lunch,Beef Stew (thermostabilized),396,24,29,17,
2026-02-04 18:45:00,dinner,Spaghetti with Meat Sauce,590,25,54,20,
2026-02-04 20:30:00,snack,Dried Fruit,127,1,30,0,
2026-02-05 06:45:00,breakfast,Tortilla with Peanut Butter,290,14,30,18,
2026-02-05 10:30:00,snack,Cheese Spread with Crackers,177,7,15,11,
2026-02-05 12:30:00,lunch,Chicken Salad,411,35,19,17,
2026-02-05 15:30:00,snack,Cheese Spread with Crackers,203,8,18,9,
2026-02-05 18:00:00,dinner,Beef Stroganoff,505,28,46,25,
2026-02-06 07:15:00,breakfast,Oatmeal,224,9,48,5,
2026-02-06 10:30:00,snack,Vitamin D Supplement,4,0,0,0,
2026-02-06 12:15:00,lunch,Tuna Salad with Tortilla,399,22,35,14,
2026-02-06 18:45:00,dinner,Spaghetti with Meat Sauce,458,27,51,16,
2026-02-06 20:30:00,snack,Cheese Spread with Crackers,157,7,17,10,
2026-02-07 07:15:00,breakfast,Canned Peaches,100,1,19,0,
2026-02-07 12:15:00,lunch,Chicken Fajita,483,29,35,16,
2026-02-07 15:30:00,snack,Mixed Nuts,192,6,11,15,
2026-02-07 18:45:00,dinner,Spaghetti with Meat Sauce,468,23,52,17,
2026-02-08 06:45:00,breakfast,Oatmeal,227,9,47,5,
2026-02-08 12:15:00,lunch,Vegetable Soup,202,8,30,6,
2026-02-08 15:30:00,snack,Chocolate Bar,219,3,24,12,
2026-02-08 18:30:00,dinner,Salmon with Roasted Vegetables,506,29,20,23,
2026-02-09 07:15:00,breakfast,Cereal with Milk Powder,212,9,40,5,
2026-02-09 12:30:00,lunch,Shrimp Pasta,403,24,53,12,
2026-02-09 18:00:00,dinner,Chili con Carne,517,28,46,20,
2026-02-09 20:30:00,snack,Granola Bar,164,4,22,5,
2026-02-10 06:30:00,breakfast,Canned Peaches,101,1,21,0,
2026-02-10 10:30:00,snack,Dried Fruit,111,1,30,0,
2026-02-10 12:30:00,lunch,Vegetable Soup,235,7,28,6,
2026-02-10 18:15:00,dinner,Teriyaki Chicken with Rice,498,34,63,16,
2026-02-11 07:15:00,breakfast,Scrambled Eggs (freeze-dried),251,16,5,17,
2026-02-11 12:45:00,lunch,Shrimp Pasta,536,24,53,15,
2026-02-11 15:30:00,snack,Chocolate Bar,230,3,23,10,
2026-02-11 18:30:00,dinner,Spaghetti with Meat Sauce,526,24,63,19,
2026-02-12 07:00:00,breakfast,Tortilla with Peanut Butter,337,11,26,18,
2026-02-12 12:30:00,lunch,Shrimp Pasta,491,19,47,12,
2026-02-12 18:00:00,dinner,Salmon with Roasted Vegetables,422,36,18,24,
2026-02-13 06:45:00,breakfast,Tortilla with Peanut Butter,335,13,33,17,
2026-02-13 12:00:00,lunch,Chicken Fajita,476,27,39,14,
2026-02-13 15:30:00,snack,Mixed Nuts,187,7,14,16,
2026-02-13 18:00:00,dinner,Beef Stroganoff,618,29,50,23,
2026-02-13 20:30:00,snack,Mixed Nuts,183,6,14,13,
2026-02-14 06:45:00,breakfast,Oatmeal,282,7,49,5,
2026-02-14 10:30:00,snack,Granola Bar,157,3,21,5,
2026-02-14 12:15:00,lunch,Vegetable Soup,241,7,32,7,
2026-02-14 18:00:00,dinner,Cheese Tortilla Wrap,401,23,46,20,
2026-02-15 07:00:00,breakfast,Tortilla with Peanut Butter,256,11,27,16,
2026-02-15 12:00:00,lunch,Chicken Salad,377,35,20,14,
2026-02-15 15:30:00,snack,Chocolate Bar,207,3,23,11,
2026-02-15 18:15:00,dinner,Cheese Tortilla Wrap,487,17,43,22,
2026-02-16 06:30:00,breakfast,Cereal with Milk Powder,239,10,37,4,
2026-02-16 12:15:00,lunch,Vegetable Soup,191,7,31,6,
2026-02-16 15:30:00,snack,Granola Bar,148,4,23,5,
2026-02-16 18:45:00,dinner,Beef Stroganoff,620,30,44,23,
2026-02-16 20:30:00,snack,Mixed Nuts,177,6,13,15,
2026-02-17 06:30:00,breakfast,Canned Peaches,85,1,20,0,
2026-02-17 10:30:00,snack,Vitamin D Supplement,6,0,0,0,
2026-02-17 12:45:00,lunch,Shrimp Pasta,409,24,48,12,
2026-02-17 18:30:00,dinner,Chili con Carne,503,26,43,18,
2026-02-17 20:30:00,snack,Dried Fruit,106,1,31,0,
2026-02-18 07:15:00,breakfast,Oatmeal,238,7,50,5,
2026-02-18 12:15:00,lunch,Chicken Fajita,491,33,46,16,
2026-02-18 18:00:00,dinner,Cheese Tortilla Wrap,444,21,42,17,
2026-02-18 20:30:00,snack,Dried Fruit,129,1,29,0,
2026-02-19 07:15:00,breakfast,Tortilla with Peanut Butter,261,13,34,14,
2026-02-19 12:15:00,lunch,Vegetable Soup,212,8,27,6,
2026-02-19 15:30:00,snack,Mixed Nuts,197,6,12,15,
2026-02-19 18:00:00,dinner,Beef Stroganoff,602,27,48,19,
2026-02-20 06:30:00,breakfast,Tortilla with Peanut Butter,286,11,32,16,
2026-02-20 12:30:00,lunch,Vegetable Soup,190,8,31,5,
2026-02-20 18:15:00,dinner,Beef Stroganoff,583,32,42,19,
2026-02-20 20:30:00,snack,Cheese Spread with Crackers,176,6,16,9,
2026-02-21 07:15:00,breakfast,Scrambled Eggs (freeze-dried),244,16,3,17,
2026-02-21 10:30:00,snack,Dried Fruit,118,1,29,0,
2026-02-21 12:45:00,lunch,Chicken Fajita,460,32,39,13,
2026-02-21 18:30:00,dinner,Spaghetti with Meat Sauce,469,27,59,19,
2026-02-22 07:00:00,breakfast,Cereal with Milk Powder,258,8,46,4,
2026-02-22 12:00:00,lunch,Shrimp Pasta,474,20,60,13,
2026-02-22 18:15:00,dinner,Chili con Carne,424,23,38,19,
2026-02-23 07:15:00,breakfast,Oatmeal,257,8,46,5,
2026-02-23 12:30:00,lunch,Vegetable Soup,244,8,27,5,
2026-02-23 18:30:00,dinner,Salmon with Roasted Vegetables,523,33,19,21,
2026-02-24 06:30:00,breakfast,Cereal with Milk Powder,208,10,37,6,
2026-02-24 12:45:00,lunch,Chicken Salad,376,33,22,18,
2026-02-24 15:30:00,snack,Mixed Nuts,229,5,13,13,
2026-02-24 15:30:00,snack,Vitamin D Supplement,6,0,0,0,
2026-02-24 18:15:00,dinner,Salmon with Roasted Vegetables,454,32,18,21,
2026-02-25 07:15:00,breakfast,Cereal with Milk Powder,260,9,36,5,
2026-02-25 12:00:00,lunch,Chicken Fajita,427,31,39,14,
2026-02-25 18:15:00,dinner,Chili con Carne,437,27,37,17,
2026-02-25 20:30:00,snack,Vitamin D Supplement,5,0,0,0,
2026-02-26 07:00:00,breakfast,Canned Peaches,98,1,24,0,
2026-02-26 10:30:00,snack,Granola Bar,141,4,24,5,
2026-02-26 12:00:00,lunch,Shrimp Pasta,491,21,53,13,
2026-02-26 18:15:00,dinner,Teriyaki Chicken with Rice,533,37,50,18,
2026-02-26 20:30:00,snack,Vitamin D Supplement,4,0,0,0,
2026-02-27 06:45:00,breakfast,Oatmeal,235,8,47,6,
2026-02-27 10:30:00,snack,Cheese Spread with Crackers,173,8,18,10,
2026-02-27 12:45:00,lunch,Shrimp Pasta,406,21,59,16,
2026-02-27 15:30:00,snack,Dried Fruit,120,1,27,0,
2026-02-27 18:30:00,dinner,Cheese Tortilla Wrap,463,22,37,18,
2026-02-28 06:30:00,breakfast,Bacon (freeze-dried),188,16,1,11,
2026-02-28 12:00:00,lunch,Vegetable Soup,206,9,28,7,
2026-02-28 15:30:00,snack,Mixed Nuts,173,6,11,17,
2026-02-28 18:45:00,dinner,Teriyaki Chicken with Rice,491,38,60,18,
2026-03-01 06:30:00,breakfast,Oatmeal,246,7,48,5,
2026-03-01 12:15:00,lunch,Beef Stew (thermostabilized),362,32,30,20,
2026-03-01 18:45:00,dinner,Chili con Carne,453,22,37,17,
2026-03-01 20:30:00,snack,Granola Bar,170,4,23,5,
2026-03-02 06:30:00,breakfast,Bacon (freeze-dried),156,14,1,13,
2026-03-02 12:45:00,lunch,Chicken Salad,391,27,20,15,
2026-03-02 18:30:00,dinner,Teriyaki Chicken with Rice,548,35,51,16,
2026-03-02 20:30:00,snack,Vitamin D Supplement,4,0,0,0,
2026-03-03 07:15:00,breakfast,Cereal with Milk Powder,207,9,40,5,
2026-03-03 12:00:00,lunch,Chicken Fajita,429,32,42,16,
2026-03-03 18:30:00,dinner,Chili con Carne,409,25,40,19,
2026-03-04 07:15:00,breakfast,Canned Peaches,94,1,19,0,
2026-03-04 12:00:00,lunch,Tuna Salad with Tortilla,375,22,32,12,
2026-03-04 15:30:00,snack,Granola Bar,144,4,27,5,
2026-03-04 15:30:00,snack,Mixed Nuts,196,6,12,17,
2026-03-04 18:45:00,dinner,Beef Stroganoff,619,30,42,24,
2026-03-05 07:15:00,breakfast,Oatmeal,275,8,49,5,
2026-03-05 10:30:00,snack,Cheese Spread with Crackers,190,7,14,11,
2026-03-05 12:45:00,lunch,Chicken Salad,332,33,22,16,
2026-03-05 18:00:00,dinner,Beef Stroganoff,472,31,42,23,
2026-03-06 07:15:00,breakfast,Tortilla with Peanut Butter,280,14,34,14,
2026-03-06 12:45:00,lunch,Shrimp Pasta,451,24,58,16,
2026-03-06 18:45:00,dinner,Teriyaki Chicken with Rice,482,30,60,15,
2026-03-06 20:30:00,snack,Cheese Spread with Crackers,155,6,16,10,
2026-03-07 06:45:00,breakfast,Scrambled Eggs (freeze-dried),222,17,4,14,
2026-03-07 10:30:00,snack,Cheese Spread with Crackers,160,8,16,11,
2026-03-07 10:30:00,snack,Cheese Spread with Crackers,197,8,18,11,
2026-03-07 12:00:00,lunch,Chicken Salad,407,32,19,16,
2026-03-07 18:30:00,dinner,Beef Stroganoff,573,27,47,23,
2026-03-08 07:00:00,breakfast,Tortilla with Peanut Butter,335,13,32,18,
2026-03-08 12:15:00,lunch,Shrimp Pasta,511,22,49,13,
2026-03-08 18:15:00,dinner,Teriyaki Chicken with Rice,609,29,56,15,
2026-03-09 06:30:00,breakfast,Tortilla with Peanut Butter,261,12,32,16,
2026-03-09 12:45:00,lunch,Tuna Salad with Tortilla,439,23,40,15,
2026-03-09 18:45:00,dinner,Salmon with Roasted Vegetables,506,31,22,26,
2026-03-09 20:30:00,snack,Vitamin D Supplement,5,0,0,0,
2026-03-10 06:45:00,breakfast,Scrambled Eggs (freeze-dried),207,16,5,14,
2026-03-10 12:30:00,lunch,Vegetable Soup,243,7,31,6,
2026-03-10 18:30:00,dinner,Teriyaki Chicken with Rice,579,30,57,16,
2026-03-11 07:00:00,breakfast,Oatmeal,287,8,49,4,
2026-03-11 12:30:00,lunch,Chicken Salad,397,35,19,17,
2026-03-11 15:30:00,snack,Cheese Spread with Crackers,177,7,14,10,
2026-03-11 18:30:00,dinner,Salmon with Roasted Vegetables,500,30,18,26,
2026-03-12 07:00:00,breakfast,Oatmeal,268,8,48,5,
2026-03-12 12:45:00,lunch,Chicken Fajita,400,29,41,14,
2026-03-12 18:00:00,dinner,Salmon with Roasted Vegetables,447,30,18,22,
2026-03-12 20:30:00,snack,Cheese Spread with Crackers,176,8,18,11,
2026-03-12 20:30:00,snack,Chocolate Bar,198,3,26,11,
2026-03-13 07:15:00,breakfast,Bacon (freeze-dried),154,16,1,15,
2026-03-13 10:30:00,snack,Chocolate Bar,201,3,25,11,
2026-03-13 12:30:00,lunch,Beef Stew (thermostabilized),363,26,31,20,
2026-03-13 18:45:00,dinner,Chili con Carne,430,22,37,16,
2026-03-13 20:30:00,snack,Dried Fruit,115,1,26,0,
2026-03-14 06:30:00,breakfast,Tortilla with Peanut Butter,267,11,29,18,
2026-03-14 12:30:00,lunch,Vegetable Soup,237,7,30,6,
2026-03-14 18:00:00,dinner,Spaghetti with Meat Sauce,463,23,60,18,
2026-03-14 20:30:00,snack,Chocolate Bar,187,3,25,11,
2026-03-15 07:00:00,breakfast,Tortilla with Peanut Butter,301,12,30,16,
2026-03-15 12:00:00,lunch,Tuna Salad with Tortilla,384,27,40,14,
2026-03-15 18:00:00,dinner,Chili con Carne,473,24,44,21,
2026-03-15 20:30:00,snack,Chocolate Bar,193,3,26,11,
2026-03-16 06:45:00,breakfast,Oatmeal,223,9,40,4,
2026-03-16 12:45:00,lunch,Chicken Fajita,403,32,39,16,
2026-03-16 15:30:00,snack,Chocolate Bar,221,3,27,12,
2026-03-16 18:00:00,dinner,Salmon with Roasted Vegetables,510,32,20,28,
2026-03-16 20:30:00,snack,Cheese Spread with Crackers,173,8,16,10,
2026-03-17 07:15:00,breakfast,Tortilla with Peanut Butter,272,11,31,15,
2026-03-17 12:30:00,lunch,Chicken Fajita,478,32,40,15,
2026-03-17 15:30:00,snack,Cheese Spread with Crackers,205,8,15,9,
2026-03-17 18:30:00,dinner,Cheese Tortilla Wrap,403,20,41,22,
2026-03-18 07:15:00,breakfast,Bacon (freeze-dried),188,15,1,14,
2026-03-18 12:30:00,lunch,Chicken Fajita,401,31,41,14,
2026-03-18 18:15:00,dinner,Chili con Carne,479,23,41,19,
2026-03-19 06:45:00,breakfast,Canned Peaches,77,1,25,0,
2026-03-19 12:45:00,lunch,Tuna Salad with Tortilla,418,28,33,13,
2026-03-19 18:00:00,dinner,Spaghetti with Meat Sauce,544,22,64,20,
2026-03-20 07:15:00,breakfast,Oatmeal,290,7,51,6,
2026-03-20 12:45:00,lunch,Tuna Salad with Tortilla,362,28,39,13,
2026-03-20 18:00:00,dinner,Spaghetti with Meat Sauce,489,25,68,17,
2026-03-21 07:15:00,breakfast,Canned Peaches,101,1,22,0,
2026-03-21 10:30:00,snack,Granola Bar,149,5,20,5,
2026-03-21 12:30:00,lunch,Chicken Salad,342,32,19,14,
2026-03-21 15:30:00,snack,Vitamin D Supplement,5,0,0,0,
2026-03-21 18:30:00,dinner,Chili con Carne,500,27,45,16,
2026-03-22 07:00:00,breakfast,Bacon (freeze-dried),169,15,1,14,
2026-03-22 10:30:00,snack,Granola Bar,171,4,24,6,
2026-03-22 12:15:00,lunch,Shrimp Pasta,408,19,52,14,
2026-03-22 15:30:00,snack,Dried Fruit,127,1,32,0,
2026-03-22 18:30:00,dinner,Cheese Tortilla Wrap,455,21,45,19,
2026-03-23 06:30:00,breakfast,Oatmeal,262,8,43,6,
2026-03-23 10:30:00,snack,Cheese Spread with Crackers,202,7,14,9,
2026-03-23 12:00:00,lunch,Chicken Salad,417,36,18,16,
2026-03-23 18:30:00,dinner,Teriyaki Chicken with Rice,620,33,58,17,
2026-03-24 06:30:00,breakfast,Cereal with Milk Powder,244,9,40,4,
2026-03-24 10:30:00,snack,Cheese Spread with Crackers,195,8,18,10,
2026-03-24 12:00:00,lunch,Chicken Fajita,483,31,35,14,
2026-03-24 15:30:00,snack,Cheese Spread with Crackers,207,7,18,11,
2026-03-24 18:00:00,dinner,Spaghetti with Meat Sauce,588,21,68,15,
2026-03-25 06:45:00,breakfast,Scrambled Eggs (freeze-dried),230,17,4,15,
2026-03-25 10:30:00,snack,Mixed Nuts,219,6,13,17,
2026-03-25 12:15:00,lunch,Vegetable Soup,235,7,26,5,
2026-03-25 15:30:00,snack,Granola Bar,143,4,27,5,
2026-03-25 18:45:00,dinner,Beef Stroganoff,568,30,45,24,
2026-03-26 06:45:00,breakfast,Oatmeal,226,8,44,5,
2026-03-26 12:15:00,lunch,Chicken Salad,407,31,18,15,
2026-03-26 18:15:00,dinner,Spaghetti with Meat Sauce,521,22,66,19,
2026-03-27 07:00:00,breakfast,Tortilla with Peanut Butter,276,13,34,16,
2026-03-27 12:30:00,lunch,Tuna Salad with Tortilla,373,26,36,15,
2026-03-27 18:45:00,dinner,Teriyaki Chicken with Rice,569,29,52,17,
2026-03-27 20:30:00,snack,Cheese Spread with Crackers,170,7,14,10,
2026-03-28 06:45:00,breakfast,Oatmeal,244,8,49,6,
2026-03-28 10:30:00,snack,Vitamin D Supplement,4,0,0,0,
2026-03-28 10:30:00,snack,Mixed Nuts,218,6,13,14,
2026-03-28 12:45:00,lunch,Vegetable Soup,251,8,27,6,
2026-03-28 18:30:00,dinner,Teriyaki Chicken with Rice,585,38,61,14,
2026-03-29 07:00:00,breakfast,Bacon (freeze-dried),205,12,1,15,
2026-03-29 12:45:00,lunch,Chicken Salad,427,34,21,16,
2026-03-29 15:30:00,snack,Dried Fruit,120,1,26,0,
2026-03-29 18:30:00,dinner,Teriyaki Chicken with Rice,606,33,56,15,
2026-03-30 06:45:00,breakfast,Bacon (freeze-dried),173,14,1,12,
2026-03-30 12:00:00,lunch,Beef Stew (thermostabilized),390,32,31,18,
2026-03-30 15:30:00,snack,Vitamin D Supplement,5,0,0,0,
2026-03-30 18:15:00,dinner,Teriyaki Chicken with Rice,531,33,61,16,
2026-03-30 20:30:00,snack,Vitamin D Supplement,5,0,0,0,
2026-03-31 06:30:00,breakfast,Oatmeal,262,9,39,5,
2026-03-31 12:00:00,lunch,Chicken Salad,370,35,18,17,
2026-03-31 15:30:00,snack,Chocolate Bar,220,3,26,11,
2026-03-31 18:15:00,dinner,Spaghetti with Meat Sauce,521,23,62,19,
2026-03-31 20:30:00,snack,Mixed Nuts,213,6,11,15,
2026-04-01 06:30:00,breakfast,Oatmeal,293,8,42,5,
2026-04-01 12:30:00,lunch,Chicken Fajita,419,29,38,15,
2026-04-01 18:15:00,dinner,Cheese Tortilla Wrap,493,18,42,22,
2026-04-01 20:30:00,snack,Vitamin D Supplement,5,0,0,0,
2026-04-01 20:30:00,snack,Mixed Nuts,171,5,12,15,
2026-04-02 06:30:00,breakfast,Tortilla with Peanut Butter,336,14,28,18,
2026-04-02 12:45:00,lunch,Shrimp Pasta,438,25,58,13,
2026-04-02 18:00:00,dinner,Cheese Tortilla Wrap,389,22,34,18,
2026-04-02 20:30:00,snack,Granola Bar,164,5,23,5,
2026-04-03 07:00:00,breakfast,Canned Peaches,87,1,24,0,
2026-04-03 12:30:00,lunch,Chicken Salad,329,31,22,15,
2026-04-03 15:30:00,snack,Cheese Spread with Crackers,165,7,15,9,
2026-04-03 18:45:00,dinner,Cheese Tortilla Wrap,490,19,42,22,
2026-04-03 20:30:00,snack,Chocolate Bar,202,3,24,10,
2026-04-04 07:00:00,breakfast,Scrambled Eggs (freeze-dried),197,19,4,16,
2026-04-04 12:30:00,lunch,Chicken Fajita,397,26,38,14,
2026-04-04 18:00:00,dinner,Beef Stroganoff,480,27,44,22,
2026-04-05 06:30:00,breakfast,Scrambled Eggs (freeze-dried),193,18,4,16,
2026-04-05 10:30:00,snack,Granola Bar,135,4,23,5,
2026-04-05 12:00:00,lunch,Tuna Salad with Tortilla,375,25,31,16,
2026-04-05 15:30:00,snack,Dried Fruit,136,1,30,0,
2026-04-05 18:15:00,dinner,Teriyaki Chicken with Rice,591,31,51,15,
2026-04-06 06:45:00,breakfast,Scrambled Eggs (freeze-dried),207,20,4,16,
2026-04-06 12:45:00,lunch,Chicken Fajita,428,33,44,17,
2026-04-06 15:30:00,snack,Cheese Spread with Crackers,169,7,16,10,
2026-04-06 15:30:00,snack,Granola Bar,144,4,23,4,
2026-04-06 18:30:00,dinner,Teriyaki Chicken with Rice,530,39,50,15,
2026-04-07 06:45:00,breakfast,Tortilla with Peanut Butter,316,12,34,16,
2026-04-07 12:15:00,lunch,Shrimp Pasta,461,21,58,15,
2026-04-07 15:30:00,snack,Cheese Spread with Crackers,157,8,16,10,
2026-04-07 18:45:00,dinner,Salmon with Roasted Vegetables,428,30,19,22,
2026-04-08 06:30:00,breakfast,Tortilla with Peanut Butter,326,11,34,16,
2026-04-08 12:00:00,lunch,Shrimp Pasta,415,20,58,13,
2026-04-08 15:30:00,snack,Dried Fruit,106,1,27,0,
2026-04-08 18:00:00,dinner,Cheese Tortilla Wrap,438,21,42,23,
2026-04-08 20:30:00,snack,Chocolate Bar,222,3,25,11,
2026-04-09 06:30:00,breakfast,Bacon (freeze-dried),179,13,1,11,
2026-04-09 12:15:00,lunch,Shrimp Pasta,449,21,60,14,
2026-04-09 18:45:00,dinner,Beef Stroganoff,475,32,44,19,
2026-04-09 20:30:00,snack,Mixed Nuts,177,7,13,16,
2026-04-10 06:45:00,breakfast,Canned Peaches,90,1,21,0,
2026-04-10 12:15:00,lunch,Tuna Salad with Tortilla,436,27,32,15,
2026-04-10 18:00:00,dinner,Salmon with Roasted Vegetables,514,36,20,23,
2026-04-10 20:30:00,snack,Mixed Nuts,183,6,13,16,
2026-04-11 06:45:00,breakfast,Tortilla with Peanut Butter,288,11,27,17,
2026-04-11 12:30:00,lunch,Tuna Salad with Tortilla,412,27,36,13,
2026-04-11 18:15:00,dinner,Salmon with Roasted Vegetables,525,34,19,25,
2026-04-12 06:45:00,breakfast,Canned Peaches,85,1,19,0,
2026-04-12 12:45:00,lunch,Beef Stew (thermostabilized),410,25,29,16,
2026-04-12 18:15:00,dinner,Chili con Carne,468,26,37,17,
2026-04-13 06:30:00,breakfast,Tortilla with Peanut Butter,333,14,30,15,
2026-04-13 12:45:00,lunch,Tuna Salad with Tortilla,389,26,37,14,
2026-04-13 18:00:00,dinner,Teriyaki Chicken with Rice,571,37,50,14,
2026-04-13 20:30:00,snack,Granola Bar,140,4,24,5,
2026-04-13 20:30:00,snack,Cheese Spread with Crackers,181,7,15,10,
2026-04-14 06:30:00,breakfast,Tortilla with Peanut Butter,323,12,27,16,
2026-04-14 12:15:00,lunch,Shrimp Pasta,441,25,54,13,
2026-04-14 18:45:00,dinner,Spaghetti with Meat Sauce,577,21,66,16,
2026-04-14 20:30:00,snack,Vitamin D Supplement,5,0,0,0,
2026-04-15 06:45:00,breakfast,Oatmeal,284,8,45,5,
2026-04-15 12:30:00,lunch,Beef Stew (thermostabilized),480,26,31,20,
2026-04-15 18:00:00,dinner,Cheese Tortilla Wrap,383,22,39,17,
2026-04-15 20:30:00,snack,Dried Fruit,107,1,28,0,
2026-04-16 07:15:00,breakfast,Canned Peaches,90,1,20,0,
2026-04-16 10:30:00,snack,Vitamin D Supplement,5,0,0,0,
2026-04-16 12:00:00,lunch,Tuna Salad with Tortilla,416,29,31,14,
2026-04-16 18:30:00,dinner,Beef Stroganoff,533,30,46,24,
2026-04-17 07:15:00,breakfast,Tortilla with Peanut Butter,275,12,27,15,
2026-04-17 12:30:00,lunch,Chicken Fajita,456,27,44,16,
2026-04-17 18:00:00,dinner,Chili con Carne,397,27,46,15,
2026-04-18 07:15:00,breakfast,Cereal with Milk Powder,204,10,38,5,
2026-04-18 12:30:00,lunch,Beef Stew (thermostabilized),377,32,28,19,
2026-04-18 18:00:00,dinner,Beef Stroganoff,519,34,40,21,
2026-04-18 20:30:00,snack,Dried Fruit,127,1,31,0,
2026-04-19 07:15:00,breakfast,Oatmeal,227,8,45,5,
2026-04-19 12:30:00,lunch,Chicken Salad,416,37,20,14,
2026-04-19 18:15:00,dinner,Spaghetti with Meat Sauce,502,26,53,17,
2026-04-20 07:15:00,breakfast,Oatmeal,281,9,40,6,
2026-04-20 10:30:00,snack,Granola Bar,168,4,21,5,
2026-04-20 12:00:00,lunch,Beef Stew (thermostabilized),424,24,31,18,
2026-04-20 18:15:00,dinner,Chili con Carne,478,23,41,19,
2026-04-21 07:00:00,breakfast,Cereal with Milk Powder,261,8,44,5,
2026-04-21 10:30:00,snack,Mixed Nuts,200,5,12,15,
2026-04-21 12:30:00,lunch,Vegetable Soup,238,8,33,6,
2026-04-21 18:15:00,dinner,Beef Stroganoff,543,30,48,21,
2026-04-22 07:00:00,breakfast,Bacon (freeze-dried),160,16,1,12,
2026-04-22 12:15:00,lunch,Shrimp Pasta,507,25,59,12,
2026-04-22 18:00:00,dinner,Spaghetti with Meat Sauce,483,21,52,20,
2026-04-23 07:15:00,breakfast,Canned Peaches,88,1,23,0,
2026-04-23 12:30:00,lunch,Beef Stew (thermostabilized),368,24,34,21,
2026-04-23 15:30:00,snack,Mixed Nuts,212,6,13,13,
2026-04-23 18:30:00,dinner,Teriyaki Chicken with Rice,542,35,61,17,
2026-04-24 06:30:00,breakfast,Cereal with Milk Powder,237,9,40,5,
2026-04-24 12:15:00,lunch,Shrimp Pasta,416,23,58,13,
2026-04-24 18:30:00,dinner,Beef Stroganoff,486,27,49,20,
2026-04-25 07:00:00,breakfast,Scrambled Eggs (freeze-dried),240,17,3,16,
2026-04-25 12:00:00,lunch,Vegetable Soup,220,8,26,7,
2026-04-25 18:30:00,dinner,Teriyaki Chicken with Rice,502,37,62,17,
2026-04-26 06:30:00,breakfast,Oatmeal,224,9,42,5,
2026-04-26 12:15:00,lunch,Tuna Salad with Tortilla,361,30,30,15,
2026-04-26 18:45:00,dinner,Chili con Carne,422,24,47,17,
2026-04-27 07:00:00,breakfast,Tortilla with Peanut Butter,266,13,26,15,
2026-04-27 12:00:00,lunch,Vegetable Soup,250,7,30,6,
2026-04-27 18:30:00,dinner,Beef Stroganoff,473,30,43,21,
2026-04-28 06:45:00,breakfast,Canned Peaches,89,1,22,0,
2026-04-28 12:15:00,lunch,Beef Stew (thermostabilized),376,32,26,18,
2026-04-28 15:30:00,snack,Vitamin D Supplement,4,0,0,0,
2026-04-28 18:00:00,dinner,Chili con Carne,522,22,44,20,
2026-04-29 07:00:00,breakfast,Oatmeal,228,9,50,5,
2026-04-29 12:30:00,lunch,Shrimp Pasta,464,24,56,14,
2026-04-29 18:45:00,dinner,Chili con Carne,401,27,41,21,
2026-04-30 07:00:00,breakfast,Bacon (freeze-dried),199,16,1,14,
2026-04-30 12:30:00,lunch,Chicken Fajita,444,28,45,13,
2026-04-30 15:30:00,snack,Chocolate Bar,239,3,25,10,
2026-04-30 18:00:00,dinner,Cheese Tortilla Wrap,386,18,40,19,
